neighborhood,building_type,price,rank,score
Longwood,Coop_Walkup,125000.0,100.0,0.1813344461110392
Longwood,Two_Family,414900.1153846154,100.0,0.1813344461110392
Longwood,Condo_Elevator,230750.0,100.0,0.1813344461110392
Longwood,Coop_Elevator,163725.0,100.0,0.1813344461110392
Longwood,Condo_Walkup,169073.14285714287,100.0,0.1813344461110392
Longwood,One_Family,844825.2592592592,100.0,0.1813344461110392
Longwood,Three_Family,517300.578125,100.0,0.1813344461110392
SoHo,Coop_Walkup,1159460.4102564103,97.47917493660334,0.171605876146091
SoHo,Two_Family,1.7852166666666668E7,97.47917493660334,0.171605876146091
SoHo,Condo_Walkup,1222500.0,97.47917493660334,0.171605876146091
SoHo,Condo_Elevator,4506868.9125,97.47917493660334,0.171605876146091
SoHo,Coop_Elevator,3234975.3387096776,97.47917493660334,0.171605876146091
SoHo,One_Family,1.3E7,97.47917493660334,0.171605876146091
Jamaica Hills,Three_Family,1068000.0,97.40263963220428,0.17131050497002387
Jamaica Hills,One_Family,647667.2142857143,97.40263963220428,0.17131050497002387
Jamaica Hills,Coop_Elevator,157415.33333333334,97.40263963220428,0.17131050497002387
Jamaica Hills,Two_Family,819980.380952381,97.40263963220428,0.17131050497002387
Murray Hill,Coop_Walkup,465000.0,92.22862689236402,0.15134254064359626
Murray Hill,Coop_Elevator,751072.10546875,92.22862689236402,0.15134254064359626
Murray Hill,One_Family,5660000.0,92.22862689236402,0.15134254064359626
Murray Hill,Two_Family,7750000.0,92.22862689236402,0.15134254064359626
Murray Hill,Condo_Elevator,1616139.8448275863,92.22862689236402,0.15134254064359626
Tribeca,One_Family,1.8E7,89.70400201571192,0.14159930613502456
Tribeca,Coop_Elevator,2820301.6363636362,89.70400201571192,0.14159930613502456
Tribeca,Condo_Elevator,3299689.045325779,89.70400201571192,0.14159930613502456
Tribeca,Coop_Walkup,2047500.0,89.70400201571192,0.14159930613502456
Sea Gate,Three_Family,770281.3333333334,87.32773313256902,0.13242861895769414
Sea Gate,One_Family,854977.1428571428,87.32773313256902,0.13242861895769414
Sea Gate,Two_Family,612050.0,87.32773313256902,0.13242861895769414
Jamaica,Condo_Walkup,405600.0,85.95159090388177,0.12711770066038702
Jamaica,Coop_Elevator,153937.4,85.95159090388177,0.12711770066038702
Jamaica,Two_Family,583978.492917847,85.95159090388177,0.12711770066038702
Jamaica,Three_Family,641158.09375,85.95159090388177,0.12711770066038702
Jamaica,Condo_Elevator,421333.3333333333,85.95159090388177,0.12711770066038702
Jamaica,One_Family,379630.5,85.95159090388177,0.12711770066038702
Coney Island,Coop_Elevator,359473.1612903226,85.27243613169153,0.1244966521734371
Coney Island,Condo_Elevator,520594.5945945946,85.27243613169153,0.1244966521734371
Coney Island,One_Family,513640.0,85.27243613169153,0.1244966521734371
Coney Island,Three_Family,921864.6,85.27243613169153,0.1244966521734371
Coney Island,Two_Family,527827.8333333334,85.27243613169153,0.1244966521734371
Gramercy,Condo_Elevator,2435254.632352941,84.61800680931066,0.1219710261225293
Gramercy,Three_Family,1.35E7,84.61800680931066,0.1219710261225293
Gramercy,Two_Family,5333333.333333333,84.61800680931066,0.1219710261225293
Gramercy,Coop_Elevator,1075797.3780487804,84.61800680931066,0.1219710261225293
Gramercy,Coop_Walkup,1190526.923076923,84.61800680931066,0.1219710261225293
Morrisania,Three_Family,517300.578125,84.0969644498931,0.1199601777213851
Morrisania,Coop_Walkup,125000.0,84.0969644498931,0.1199601777213851
Morrisania,Two_Family,414900.1153846154,84.0969644498931,0.1199601777213851
Morrisania,Condo_Elevator,230750.0,84.0969644498931,0.1199601777213851
Morrisania,Coop_Elevator,163725.0,84.0969644498931,0.1199601777213851
Morrisania,Condo_Walkup,169073.14285714287,84.0969644498931,0.1199601777213851
Morrisania,One_Family,844825.2592592592,84.0969644498931,0.1199601777213851
Brownsville,Three_Family,676071.4285714285,83.85434525226675,0.1190238422837459
Brownsville,Two_Family,538419.0652173914,83.85434525226675,0.1190238422837459
Brownsville,One_Family,376680.8,83.85434525226675,0.1190238422837459
Kensington,Coop_Elevator,512179.57627118647,83.80603852802437,0.11883741310490539
Kensington,Coop_Walkup,472936.75,83.80603852802437,0.11883741310490539
Kensington,Two_Family,1340190.4761904762,83.80603852802437,0.11883741310490539
Kensington,Three_Family,1340571.4285714286,83.80603852802437,0.11883741310490539
Kensington,Condo_Elevator,881145.7142857143,83.80603852802437,0.11883741310490539
Kensington,One_Family,1110000.0,83.80603852802437,0.11883741310490539
Mott Haven,Coop_Walkup,107000.0,83.59698020261104,0.11803059847303321
Mott Haven,Two_Family,593570.8235294118,83.59698020261104,0.11803059847303321
Mott Haven,One_Family,545375.0,83.59698020261104,0.11803059847303321
Mott Haven,Three_Family,589782.4545454546,83.59698020261104,0.11803059847303321
Mott Haven,Condo_Walkup,765000.0,83.59698020261104,0.11803059847303321
Hunts Point,Three_Family,550312.5,82.95892917219517,0.11556818083813235
Hunts Point,Two_Family,432813.3333333333,82.95892917219517,0.11556818083813235
Hunts Point,One_Family,390000.0,82.95892917219517,0.11556818083813235
Washington Heights,Three_Family,816425.0,82.54208873330475,0.1139594768336978
Washington Heights,Condo_Elevator,626706.9333333333,82.54208873330475,0.1139594768336978
Washington Heights,One_Family,1560000.0,82.54208873330475,0.1139594768336978
Washington Heights,Coop_Elevator,617132.3396226416,82.54208873330475,0.1139594768336978
Washington Heights,Two_Family,1472992.0,82.54208873330475,0.1139594768336978
Washington Heights,Coop_Walkup,518725.85714285716,82.54208873330475,0.1139594768336978
Willowbrook,Two_Family,732188.8888888889,82.12122159290672,0.1123352326603267
Willowbrook,One_Family,581023.3378378379,82.12122159290672,0.1123352326603267
Bull's Head,One_Family,449686.90265486727,81.84940360731886,0.11128621092180127
Bull's Head,Three_Family,696000.0,81.84940360731886,0.11128621092180127
Bull's Head,Two_Family,597487.6363636364,81.84940360731886,0.11128621092180127
Rossville,One_Family,484657.07272727275,81.04638265842621,0.10818712816589804
Rossville,Two_Family,821866.1935483871,81.04638265842621,0.10818712816589804
Fort Greene,Coop_Elevator,664414.3714285714,80.8059586415794,0.10725926454572424
Fort Greene,Condo_Walkup,1061990.0,80.8059586415794,0.10725926454572424
Fort Greene,Condo_Elevator,1213623.303030303,80.8059586415794,0.10725926454572424
Fort Greene,One_Family,2846008.0,80.8059586415794,0.10725926454572424
Fort Greene,Coop_Walkup,903818.1818181818,80.8059586415794,0.10725926454572424
Fort Greene,Three_Family,2422750.0,80.8059586415794,0.10725926454572424
Fort Greene,Two_Family,2796399.625,80.8059586415794,0.10725926454572424
Kew Gardens,Condo_Elevator,440466.84210526315,80.60645141974906,0.10648931029769977
Kew Gardens,One_Family,880431.1612903225,80.60645141974906,0.10648931029769977
Kew Gardens,Coop_Walkup,285000.0,80.60645141974906,0.10648931029769977
Kew Gardens,Two_Family,1038436.25,80.60645141974906,0.10648931029769977
Kew Gardens,Condo_Walkup,351500.0,80.60645141974906,0.10648931029769977
Kew Gardens,Three_Family,910977.6,80.60645141974906,0.10648931029769977
Kew Gardens,Coop_Elevator,259116.67142857143,80.60645141974906,0.10648931029769977
Bensonhurst,One_Family,1014694.0476190476,80.43724735288198,0.10583630441213782
Bensonhurst,Coop_Walkup,230000.0,80.43724735288198,0.10583630441213782
Bensonhurst,Coop_Elevator,255041.66666666666,80.43724735288198,0.10583630441213782
Bensonhurst,Three_Family,1405388.1842105263,80.43724735288198,0.10583630441213782
Bensonhurst,Two_Family,1190609.6355140186,80.43724735288198,0.10583630441213782
Bensonhurst,Condo_Elevator,601687.4347826086,80.43724735288198,0.10583630441213782
Bensonhurst,Condo_Walkup,563333.3333333334,80.43724735288198,0.10583630441213782
Springfield Gardens,Three_Family,716666.6666666666,80.37338332236445,0.1055898352310133
Springfield Gardens,Two_Family,559585.6466165413,80.37338332236445,0.1055898352310133
Springfield Gardens,One_Family,412733.50214592274,80.37338332236445,0.1055898352310133
Tottenville,One_Family,710891.41,80.232128665304,0.10504469394610572
Tottenville,Two_Family,791008.3265306122,80.232128665304,0.10504469394610572
Marine Park,Three_Family,1060000.0,80.14155841484826,0.10469515798222795
Marine Park,One_Family,630944.7549668874,80.14155841484826,0.10469515798222795
Marine Park,Coop_Elevator,166433.41860465117,80.14155841484826,0.10469515798222795
Marine Park,Coop_Walkup,195000.0,80.14155841484826,0.10469515798222795
Marine Park,Two_Family,697782.487804878,80.14155841484826,0.10469515798222795
Tremont,One_Family,476687.5,79.18451918596259,0.1010016755456209
Tremont,Two_Family,467523.8095238095,79.18451918596259,0.1010016755456209
Tremont,Coop_Walkup,556666.6666666666,79.18451918596259,0.1010016755456209
Tremont,Condo_Walkup,199000.0,79.18451918596259,0.1010016755456209
Tremont,Three_Family,581695.24,79.18451918596259,0.1010016755456209
Tremont,Condo_Elevator,270000.0,79.18451918596259,0.1010016755456209
Hollis,One_Family,444656.09633027524,78.93958125297907,0.10005639145879533
Hollis,Two_Family,545862.723076923,78.93958125297907,0.10005639145879533
Hollis,Coop_Elevator,145000.0,78.93958125297907,0.10005639145879533
Hollis,Three_Family,612833.3333333334,78.93958125297907,0.10005639145879533
Belmont,One_Family,351000.0,77.94227604153042,0.09620751131757989
Belmont,Coop_Walkup,1150000.0,77.94227604153042,0.09620751131757989
Belmont,Three_Family,669888.6363636364,77.94227604153042,0.09620751131757989
Belmont,Two_Family,563472.2222222222,77.94227604153042,0.09620751131757989
Crotona Park,Three_Family,543875.0,77.9400722384879,0.09619900622438661
Crotona Park,Two_Family,518380.8125,77.9400722384879,0.09619900622438661
Crotona Park,One_Family,320416.4285714286,77.9400722384879,0.09619900622438661
Richmond Hill,One_Family,486387.6875,77.4650812594431,0.09436588299840196
Richmond Hill,Three_Family,716548.7916666666,77.4650812594431,0.09436588299840196
Richmond Hill,Two_Family,618194.319047619,77.4650812594431,0.09436588299840196
Richmond Hill,Coop_Elevator,129250.0,77.4650812594431,0.09436588299840196
Elmhurst,One_Family,735309.2727272727,77.32324745501944,0.09381850662160926
Elmhurst,Coop_Walkup,200000.0,77.32324745501944,0.09381850662160926
Elmhurst,Condo_Elevator,472210.2028985507,77.32324745501944,0.09381850662160926
Elmhurst,Three_Family,1200085.1063829786,77.32324745501944,0.09381850662160926
Elmhurst,Two_Family,978542.6021505377,77.32324745501944,0.09381850662160926
Elmhurst,Coop_Elevator,393435.91964285716,77.32324745501944,0.09381850662160926
Elmhurst,Condo_Walkup,417500.0,77.32324745501944,0.09381850662160926
New Springville,One_Family,512213.875,76.77105230740034,0.09168743088536647
New Springville,Three_Family,737000.0,76.77105230740034,0.09168743088536647
New Springville,Condo_Walkup,816278.5714285715,76.77105230740034,0.09168743088536647
New Springville,Two_Family,705207.3859649122,76.77105230740034,0.09168743088536647
New Springville,Condo_Elevator,267832.4324324324,76.77105230740034,0.09168743088536647
Dongan Hills,One_Family,614602.6578947369,76.47270879263687,0.09053603970034944
Dongan Hills,Coop_Elevator,205000.0,76.47270879263687,0.09053603970034944
Dongan Hills,Two_Family,743439.2380952381,76.47270879263687,0.09053603970034944
Dongan Hills,Condo_Walkup,207000.0,76.47270879263687,0.09053603970034944
Dongan Hills,Three_Family,742000.0,76.47270879263687,0.09053603970034944
Mount Hope,Two_Family,631112.0909090909,76.18160739085688,0.08941259785774289
Mount Hope,One_Family,578622.0,76.18160739085688,0.08941259785774289
Mount Hope,Coop_Elevator,176633.33333333334,76.18160739085688,0.08941259785774289
Mount Hope,Three_Family,690369.05,76.18160739085688,0.08941259785774289
Woodhaven,One_Family,516109.73913043475,76.16768895078805,0.08935888269917089
Woodhaven,Two_Family,684046.1370967742,76.16768895078805,0.08935888269917089
Woodhaven,Condo_Walkup,351375.0,76.16768895078805,0.08935888269917089
Woodhaven,Three_Family,725187.5,76.16768895078805,0.08935888269917089
Inwood,Condo_Elevator,362125.0,76.01039977542449,0.08875185971710345
Inwood,One_Family,636250.0,76.01039977542449,0.08875185971710345
Inwood,Coop_Walkup,355000.0,76.01039977542449,0.08875185971710345
Inwood,Coop_Elevator,2532183.75,76.01039977542449,0.08875185971710345
Inwood,Two_Family,801225.0,76.01039977542449,0.08875185971710345
Corona,Condo_Elevator,962613.8947368421,75.85345381772764,0.08814616130814198
Corona,Coop_Elevator,191427.63157894736,75.85345381772764,0.08814616130814198
Corona,Condo_Walkup,439986.0,75.85345381772764,0.08814616130814198
Corona,Three_Family,949013.5205479452,75.85345381772764,0.08814616130814198
Corona,Two_Family,869627.3398058253,75.85345381772764,0.08814616130814198
Corona,One_Family,725503.375,75.85345381772764,0.08814616130814198
Melrose,Coop_Elevator,272654.8714285714,75.57039437748794,0.08705375564755226
Melrose,Three_Family,574487.3684210526,75.57039437748794,0.08705375564755226
Melrose,One_Family,387765.0,75.57039437748794,0.08705375564755226
Melrose,Two_Family,405042.5,75.57039437748794,0.08705375564755226
Pleasant Plains,One_Family,657320.0,75.42072796928242,0.0864761510589705
Pleasant Plains,Two_Family,878987.1428571428,75.42072796928242,0.0864761510589705
Morris Heights,Three_Family,571993.6842105263,75.28735034849157,0.08596140946326696
Morris Heights,Two_Family,458264.30303030304,75.28735034849157,0.08596140946326696
Morris Heights,Condo_Elevator,230000.0,75.28735034849157,0.08596140946326696
Morris Heights,One_Family,465807.5,75.28735034849157,0.08596140946326696
Morris Heights,Coop_Elevator,127275.0,75.28735034849157,0.08596140946326696
Cambria Heights,Two_Family,521085.71428571426,75.13857485258632,0.08538724315478305
Cambria Heights,One_Family,439711.2589285714,75.13857485258632,0.08538724315478305
East New York,Condo_Walkup,286800.0,75.10060910841551,0.0852407227143923
East New York,Three_Family,622032.5308641975,75.10060910841551,0.0852407227143923
East New York,Condo_Elevator,275675.0,75.10060910841551,0.0852407227143923
East New York,One_Family,399679.34653465345,75.10060910841551,0.0852407227143923
East New York,Two_Family,547652.733974359,75.10060910841551,0.0852407227143923
Floral Park,Two_Family,819100.0,74.8580779997166,0.08430472723659639
Floral Park,Coop_Walkup,217200.0,74.8580779997166,0.08430472723659639
Floral Park,Three_Family,980000.0,74.8580779997166,0.08430472723659639
Floral Park,One_Family,637852.7699115045,74.8580779997166,0.08430472723659639
Harlem,Coop_Elevator,466303.45238095237,74.82520977564228,0.0841778795539969
Harlem,Condo_Elevator,1064296.8512110726,74.82520977564228,0.0841778795539969
Harlem,Coop_Walkup,1673967.391304348,74.82520977564228,0.0841778795539969
Harlem,Two_Family,2374791.304347826,74.82520977564228,0.0841778795539969
Harlem,Condo_Walkup,835662.2727272727,74.82520977564228,0.0841778795539969
Harlem,Three_Family,2602164.0625,74.82520977564228,0.0841778795539969
Harlem,One_Family,2453575.882352941,74.82520977564228,0.0841778795539969
Flatlands,Two_Family,523561.475,74.51467627335019,0.08297944379287414
Flatlands,Coop_Elevator,182021.36363636365,74.51467627335019,0.08297944379287414
Flatlands,One_Family,498579.4038461539,74.51467627335019,0.08297944379287414
Flatlands,Three_Family,835000.0,74.51467627335019,0.08297944379287414
Little Neck,Coop_Elevator,206500.0,74.04949577165951,0.08118418194676666
Little Neck,Three_Family,1147000.0,74.04949577165951,0.08118418194676666
Little Neck,Two_Family,1115913.5263157894,74.04949577165951,0.08118418194676666
Little Neck,One_Family,944373.0563380282,74.04949577165951,0.08118418194676666
Little Neck,Coop_Walkup,253280.44871794872,74.04949577165951,0.08118418194676666
Borough Park,Coop_Elevator,393833.3333333333,74.03476836322974,0.08112734475270995
Borough Park,Condo_Walkup,664425.8823529412,74.03476836322974,0.08112734475270995
Borough Park,Condo_Elevator,660680.6923076923,74.03476836322974,0.08112734475270995
Borough Park,Coop_Walkup,466141.36363636365,74.03476836322974,0.08112734475270995
Borough Park,Two_Family,1226727.847682119,74.03476836322974,0.08112734475270995
Borough Park,Three_Family,1422342.9714285715,74.03476836322974,0.08112734475270995
Borough Park,One_Family,1235072.1538461538,74.03476836322974,0.08112734475270995
Cypress Hills,One_Family,470581.5641025641,73.91625403952757,0.08066996478345836
Cypress Hills,Three_Family,621402.8709677419,73.91625403952757,0.08066996478345836
Cypress Hills,Two_Family,582075.112,73.91625403952757,0.08066996478345836
Cypress Hills,Coop_Elevator,210000.0,73.91625403952757,0.08066996478345836
Castle Hill,Three_Family,565630.9523809524,73.86758232059253,0.0804821269878694
Castle Hill,One_Family,401593.75,73.86758232059253,0.0804821269878694
Castle Hill,Coop_Elevator,140000.0,73.86758232059253,0.0804821269878694
Castle Hill,Two_Family,508872.60655737703,73.86758232059253,0.0804821269878694
West Brighton,Coop_Walkup,150666.66666666666,73.72354528874487,0.07992624773935651
West Brighton,Two_Family,519218.6349206349,73.72354528874487,0.07992624773935651
West Brighton,Condo_Elevator,182333.33333333334,73.72354528874487,0.07992624773935651
West Brighton,One_Family,416968.81415929203,73.72354528874487,0.07992624773935651
West Brighton,Three_Family,548750.0,73.72354528874487,0.07992624773935651
Westerleigh,One_Family,515509.7303370786,73.18426567274095,0.07784501665706338
Westerleigh,Two_Family,661207.8181818182,73.18426567274095,0.07784501665706338
Mount Eden,Coop_Elevator,176633.33333333334,73.17104064222282,0.0777939775601612
Mount Eden,Three_Family,690369.05,73.17104064222282,0.0777939775601612
Mount Eden,One_Family,578622.0,73.17104064222282,0.0777939775601612
Mount Eden,Two_Family,631112.0909090909,73.17104064222282,0.0777939775601612
Highbridge,Coop_Elevator,127275.0,72.84042913035907,0.07651805513655197
Highbridge,Condo_Elevator,230000.0,72.84042913035907,0.07651805513655197
Highbridge,Two_Family,458264.30303030304,72.84042913035907,0.07651805513655197
Highbridge,Three_Family,571993.6842105263,72.84042913035907,0.07651805513655197
Highbridge,One_Family,465807.5,72.84042913035907,0.07651805513655197
St. Albans,One_Family,404820.4213649852,72.32185116190384,0.07451671751037041
St. Albans,Three_Family,570000.0,72.32185116190384,0.07451671751037041
St. Albans,Two_Family,501750.14851485146,72.32185116190384,0.07451671751037041
Ozone Park,Two_Family,609339.6416184971,72.11502468171699,0.07371851619433356
Ozone Park,Condo_Walkup,150000.0,72.11502468171699,0.07371851619433356
Ozone Park,Three_Family,780486.8421052631,72.11502468171699,0.07371851619433356
Ozone Park,One_Family,458326.048,72.11502468171699,0.07371851619433356
Parkchester,Two_Family,511815.652173913,72.08667274722613,0.07360909813818171
Parkchester,Three_Family,550968.6551724138,72.08667274722613,0.07360909813818171
Parkchester,One_Family,442176.2,72.08667274722613,0.07360909813818171
Parkchester,Coop_Elevator,153966.66666666666,72.08667274722613,0.07360909813818171
Parkchester,Condo_Elevator,142442.15040650408,72.08667274722613,0.07360909813818171
Bay Terrace,Coop_Walkup,128925.0,71.9061708539592,0.07291249077619089
Bay Terrace,One_Family,514466.36,71.9061708539592,0.07291249077619089
Bay Terrace,Two_Family,696800.0,71.9061708539592,0.07291249077619089
Long Island City,One_Family,948000.0,71.743966105754,0.07228649722174933
Long Island City,Three_Family,2491449.9,71.743966105754,0.07228649722174933
Long Island City,Two_Family,1457185.5454545454,71.743966105754,0.07228649722174933
Long Island City,Condo_Elevator,1052268.3916913946,71.743966105754,0.07228649722174933
Long Island City,Coop_Elevator,610224.1379310344,71.743966105754,0.07228649722174933
Long Island City,Condo_Walkup,1188500.0,71.743966105754,0.07228649722174933
Hollis Hills,One_Family,904287.0967741936,71.4751795789855,0.071249174731874
Hollis Hills,Coop_Elevator,263210.0,71.4751795789855,0.071249174731874
Fordham,Coop_Elevator,198100.0,71.42400300754478,0.07105167000889398
Fordham,Two_Family,679542.0,71.42400300754478,0.07105167000889398
Fordham,Three_Family,430200.0,71.42400300754478,0.07105167000889398
Fordham,One_Family,423099.25,71.42400300754478,0.07105167000889398
Douglaston,Coop_Walkup,258457.72727272726,71.40605039617017,0.07098238585334214
Douglaston,Two_Family,1149698.1818181819,71.40605039617017,0.07098238585334214
Douglaston,One_Family,1125241.0,71.40605039617017,0.07098238585334214
Douglaston,Coop_Elevator,276850.55555555556,71.40605039617017,0.07098238585334214
Crown Heights,Coop_Elevator,491384.6153846154,71.36923281108868,0.07084029648045917
Crown Heights,Condo_Walkup,673230.9534883721,71.36923281108868,0.07084029648045917
Crown Heights,Three_Family,1250545.5909090908,71.36923281108868,0.07084029648045917
Crown Heights,One_Family,1256621.5675675676,71.36923281108868,0.07084029648045917
Crown Heights,Two_Family,1145462.8134328357,71.36923281108868,0.07084029648045917
Crown Heights,Condo_Elevator,874607.8,71.36923281108868,0.07084029648045917
Crown Heights,Coop_Walkup,332636.36363636365,71.36923281108868,0.07084029648045917
East Flatbush,Three_Family,685916.0,71.07332852669097,0.06969831896861542
East Flatbush,Two_Family,591332.75147929,71.07332852669097,0.06969831896861542
East Flatbush,Coop_Elevator,238766.90476190476,71.07332852669097,0.06969831896861542
East Flatbush,One_Family,549490.6798029557,71.07332852669097,0.06969831896861542
East Flatbush,Condo_Walkup,390833.3333333333,71.07332852669097,0.06969831896861542
Richmondtown,One_Family,785458.5769230769,70.97143737816904,0.06930509248828647
Richmondtown,Two_Family,587600.0,70.97143737816904,0.06930509248828647
Bronxdale,Coop_Elevator,163534.52380952382,70.83977317335481,0.06879696344473885
Bronxdale,Three_Family,650960.5263157894,70.83977317335481,0.06879696344473885
Bronxdale,Coop_Walkup,129500.0,70.83977317335481,0.06879696344473885
Bronxdale,Two_Family,501779.0229885057,70.83977317335481,0.06879696344473885
Bronxdale,Condo_Elevator,183710.8,70.83977317335481,0.06879696344473885
Bronxdale,One_Family,414834.98387096776,70.83977317335481,0.06879696344473885
Arden Heights,Two_Family,612837.125,70.43403420515448,0.06723110312505286
Arden Heights,One_Family,401837.8743718593,70.43403420515448,0.06723110312505286
Sunnyside,Two_Family,1020226.9696969697,70.43399006757917,0.06723093278578748
Sunnyside,Two_Family,644625.0,70.43399006757917,0.06723093278578748
Sunnyside,Condo_Elevator,475812.5,70.43399006757917,0.06723093278578748
Sunnyside,Condo_Elevator,326000.0,70.43399006757917,0.06723093278578748
Sunnyside,One_Family,839916.6666666666,70.43399006757917,0.06723093278578748
Sunnyside,One_Family,589303.5714285715,70.43399006757917,0.06723093278578748
Sunnyside,Three_Family,1367277.6666666667,70.43399006757917,0.06723093278578748
Sunnyside,Coop_Walkup,444000.0,70.43399006757917,0.06723093278578748
Sunnyside,Coop_Elevator,325226.41891891893,70.43399006757917,0.06723093278578748
Rosebank,Condo_Elevator,607400.0,70.37349475338192,0.06699746442446988
Rosebank,One_Family,497191.4166666667,70.37349475338192,0.06699746442446988
Rosebank,Coop_Walkup,210650.0,70.37349475338192,0.06699746442446988
Rosebank,Two_Family,593479.3448275862,70.37349475338192,0.06699746442446988
Rosebank,Condo_Walkup,280687.5,70.37349475338192,0.06699746442446988
Rosebank,Three_Family,611093.4,70.37349475338192,0.06699746442446988
Castleton Corners,One_Family,531550.119047619,70.37016997676552,0.06698463318028718
Castleton Corners,Two_Family,616000.0,70.37016997676552,0.06698463318028718
New Brighton,One_Family,409625.5740740741,69.62430505478339,0.06410613154077768
New Brighton,Two_Family,470671.1612903226,69.62430505478339,0.06410613154077768
New Brighton,Three_Family,467500.0,69.62430505478339,0.06410613154077768
New Brighton,Coop_Elevator,291933.3333333333,69.62430505478339,0.06410613154077768
Midwood,Three_Family,1090138.888888889,69.55643980086296,0.06384422051785879
Midwood,One_Family,1275085.658119658,69.55643980086296,0.06384422051785879
Midwood,Coop_Elevator,279846.71764705883,69.55643980086296,0.06384422051785879
Midwood,Two_Family,1368325.7142857143,69.55643980086296,0.06384422051785879
Midwood,Condo_Walkup,526666.6666666666,69.55643980086296,0.06384422051785879
Midwood,Condo_Elevator,592005.1764705882,69.55643980086296,0.06384422051785879
Huguenot,One_Family,684982.4655172414,69.51177758549441,0.06367185651953475
Huguenot,Two_Family,815924.9743589744,69.51177758549441,0.06367185651953475
Soundview,Three_Family,521921.9016393443,69.47644804345408,0.06353550992152616
Soundview,Two_Family,484936.26923076925,69.47644804345408,0.06353550992152616
Soundview,One_Family,349812.4146341463,69.47644804345408,0.06353550992152616
Soundview,Coop_Elevator,209028.5,69.47644804345408,0.06353550992152616
Soundview,Condo_Walkup,299875.0909090909,69.47644804345408,0.06353550992152616
Canarsie,One_Family,441630.5327102804,69.39954403473558,0.06323871581222174
Canarsie,Three_Family,606643.7142857143,69.39954403473558,0.06323871581222174
Canarsie,Condo_Elevator,301750.0,69.39954403473558,0.06323871581222174
Canarsie,Coop_Walkup,153857.14285714287,69.39954403473558,0.06323871581222174
Canarsie,Two_Family,565419.7419354839,69.39954403473558,0.06323871581222174
Canarsie,Condo_Walkup,291333.3333333333,69.39954403473558,0.06323871581222174
Bayside,Condo_Walkup,410000.0,69.16161154564634,0.062320467695504006
Bayside,Three_Family,1115585.8181818181,69.16161154564634,0.062320467695504006
Bayside,Condo_Elevator,631803.8771929825,69.16161154564634,0.062320467695504006
Bayside,Coop_Walkup,265187.6,69.16161154564634,0.062320467695504006
Bayside,Two_Family,1076270.5842696629,69.16161154564634,0.062320467695504006
Bayside,One_Family,873711.4545454546,69.16161154564634,0.062320467695504006
Bayside,Coop_Elevator,589072.7379310345,69.16161154564634,0.062320467695504006
Queens Village,One_Family,466567.3116438356,69.11717425101052,0.062148971729284484
Queens Village,Coop_Walkup,185825.92156862744,69.11717425101052,0.062148971729284484
Queens Village,Two_Family,570602.2153846154,69.11717425101052,0.062148971729284484
Queens Village,Coop_Elevator,155618.0,69.11717425101052,0.062148971729284484
Queens Village,Three_Family,830900.0,69.11717425101052,0.062148971729284484
Windsor Terrace,Three_Family,2071666.6666666667,69.09364926913865,0.062058182235246284
Windsor Terrace,Coop_Walkup,763746.7272727273,69.09364926913865,0.062058182235246284
Windsor Terrace,Condo_Elevator,759110.3636363636,69.09364926913865,0.062058182235246284
Windsor Terrace,One_Family,1559947.0588235294,69.09364926913865,0.062058182235246284
Windsor Terrace,Coop_Elevator,608080.8888888889,69.09364926913865,0.062058182235246284
Windsor Terrace,Two_Family,1727494.1794871795,69.09364926913865,0.062058182235246284
Windsor Terrace,Condo_Walkup,967558.6,69.09364926913865,0.062058182235246284
Flushing,One_Family,872460.4580838323,69.02065291285565,0.06177646885116534
Flushing,Two_Family,1094324.5355648536,69.02065291285565,0.06177646885116534
Flushing,Condo_Elevator,850878.4670050761,69.02065291285565,0.06177646885116534
Flushing,Coop_Elevator,268795.2039800995,69.02065291285565,0.06177646885116534
Flushing,Three_Family,1236349.3870967743,69.02065291285565,0.06177646885116534
Flushing,Coop_Walkup,237535.96825396825,69.02065291285565,0.06177646885116534
Flushing,Condo_Walkup,443716.8292682927,69.02065291285565,0.06177646885116534
Flatbush,Coop_Elevator,448854.6379310345,68.9224048097279,0.06139730190337488
Flatbush,One_Family,1045875.9032258064,68.9224048097279,0.06139730190337488
Flatbush,Condo_Elevator,650107.5882352941,68.9224048097279,0.06139730190337488
Flatbush,Condo_Walkup,587071.0714285715,68.9224048097279,0.06139730190337488
Flatbush,Three_Family,824955.3888888889,68.9224048097279,0.06139730190337488
Flatbush,Coop_Walkup,429666.6666666667,68.9224048097279,0.06139730190337488
Flatbush,Two_Family,852589.9647887324,68.9224048097279,0.06139730190337488
Maspeth,Three_Family,1110711.4285714286,68.81698993774829,0.06099047638728066
Maspeth,One_Family,666824.025974026,68.81698993774829,0.06099047638728066
Maspeth,Two_Family,771090.4444444445,68.81698993774829,0.06099047638728066
Maspeth,Coop_Elevator,265794.4,68.81698993774829,0.06099047638728066
Country Club,Coop_Elevator,121666.66666666667,68.71540231634114,0.06059842130310096
Country Club,One_Family,499407.4492753623,68.71540231634114,0.06059842130310096
Country Club,Three_Family,757500.0,68.71540231634114,0.06059842130310096
Country Club,Two_Family,633742.487804878,68.71540231634114,0.06059842130310096
Brighton Beach,Three_Family,796538.4615384615,68.56048566725939,0.06000055456446411
Brighton Beach,Condo_Elevator,806109.7764705883,68.56048566725939,0.06000055456446411
Brighton Beach,One_Family,541825.7,68.56048566725939,0.06000055456446411
Brighton Beach,Coop_Elevator,360473.2894736842,68.56048566725939,0.06000055456446411
Brighton Beach,Coop_Walkup,224125.0,68.56048566725939,0.06000055456446411
Brighton Beach,Two_Family,654175.125,68.56048566725939,0.06000055456446411
Brighton Beach,Condo_Walkup,519000.0,68.56048566725939,0.06000055456446411
Concourse,One_Family,387765.0,68.54235818588478,0.05993059553660378
Concourse,Three_Family,574487.3684210526,68.54235818588478,0.05993059553660378
Concourse,Two_Family,405042.5,68.54235818588478,0.05993059553660378
Concourse,Coop_Elevator,272654.8714285714,68.54235818588478,0.05993059553660378
Middle Village,Condo_Walkup,511125.0,68.53495597460856,0.05990202833004048
Middle Village,Three_Family,1138071.4285714286,68.53495597460856,0.05990202833004048
Middle Village,Two_Family,873051.4382022471,68.53495597460856,0.05990202833004048
Middle Village,One_Family,724424.1690140845,68.53495597460856,0.05990202833004048
Middle Village,Coop_Elevator,177000.0,68.53495597460856,0.05990202833004048
Middle Village,Condo_Elevator,459296.6666666667,68.53495597460856,0.05990202833004048
Grant City,Two_Family,723885.8333333334,68.39785339817558,0.059372911087209795
Grant City,Condo_Elevator,243584.55,68.39785339817558,0.059372911087209795
Grant City,One_Family,525150.7692307692,68.39785339817558,0.059372911087209795
Grant City,Coop_Walkup,149300.0,68.39785339817558,0.059372911087209795
Rosedale,Three_Family,549750.0,68.030073808874,0.057953546642546865
Rosedale,Two_Family,602345.9357142857,68.030073808874,0.057953546642546865
Rosedale,One_Family,438615.92617449665,68.030073808874,0.057953546642546865
New Dorp,Coop_Walkup,271333.3333333333,68.0202588316822,0.05791566789653575
New Dorp,Two_Family,616127.75,68.0202588316822,0.05791566789653575
New Dorp,One_Family,546028.3974358974,68.0202588316822,0.05791566789653575
Howard Beach,Condo_Walkup,169445.0,67.93260990547208,0.057577406141140944
Howard Beach,One_Family,573298.9125,67.93260990547208,0.057577406141140944
Howard Beach,Three_Family,735828.5714285715,67.93260990547208,0.057577406141140944
Howard Beach,Coop_Walkup,185640.35087719298,67.93260990547208,0.057577406141140944
Howard Beach,Two_Family,686379.0784313725,67.93260990547208,0.057577406141140944
Howard Beach,Condo_Elevator,244462.8780487805,67.93260990547208,0.057577406141140944
Howard Beach,Coop_Elevator,188698.37878787878,67.93260990547208,0.057577406141140944
Glendale,Condo_Elevator,425000.0,67.79389301858447,0.05704205882212175
Glendale,Coop_Elevator,228681.81818181818,67.79389301858447,0.05704205882212175
Glendale,Condo_Walkup,317205.0,67.79389301858447,0.05704205882212175
Glendale,Three_Family,925769.2307692308,67.79389301858447,0.05704205882212175
Glendale,Two_Family,790921.1313131313,67.79389301858447,0.05704205882212175
Glendale,One_Family,641640.9120879121,67.79389301858447,0.05704205882212175
Norwood,One_Family,387791.05,67.44015314019394,0.05567687755417711
Norwood,Coop_Elevator,169514.1,67.44015314019394,0.05567687755417711
Norwood,Two_Family,487236.5263157895,67.44015314019394,0.05567687755417711
Norwood,Condo_Walkup,185000.0,67.44015314019394,0.05567687755417711
Norwood,Three_Family,627181.25,67.44015314019394,0.05567687755417711
Norwood,Coop_Walkup,110000.0,67.44015314019394,0.05567687755417711
Great Kills,Coop_Walkup,170000.0,66.78990458075432,0.053167386238428566
Great Kills,Two_Family,641037.9787234042,66.78990458075432,0.053167386238428566
Great Kills,Condo_Elevator,404857.14285714284,66.78990458075432,0.053167386238428566
Great Kills,One_Family,508936.8582474227,66.78990458075432,0.053167386238428566
Great Kills,Three_Family,578671.0,66.78990458075432,0.053167386238428566
Great Kills,Condo_Walkup,228826.0,66.78990458075432,0.053167386238428566
West Village,Two_Family,8933750.0,66.7169659773388,0.052885895738839006
West Village,Condo_Walkup,1060718.3,66.7169659773388,0.052885895738839006
West Village,Three_Family,1.26625E7,66.7169659773388,0.052885895738839006
West Village,One_Family,9799023.6,66.7169659773388,0.052885895738839006
West Village,Coop_Elevator,1282938.076923077,66.7169659773388,0.052885895738839006
West Village,Coop_Walkup,1015181.7878787878,66.7169659773388,0.052885895738839006
West Village,Condo_Elevator,5479581.787234043,66.7169659773388,0.052885895738839006
Bushwick,One_Family,913130.7692307692,66.62483990722674,0.0525303554311457
Bushwick,Two_Family,989948.3933333333,66.62483990722674,0.0525303554311457
Bushwick,Three_Family,1010492.802631579,66.62483990722674,0.0525303554311457
Bushwick,Coop_Walkup,328000.0,66.62483990722674,0.0525303554311457
Bushwick,Condo_Elevator,567648.0833333334,66.62483990722674,0.0525303554311457
Red Hook,Three_Family,1173604.8333333333,66.57875637717255,0.052352506181360864
Red Hook,Two_Family,1596412.5,66.57875637717255,0.052352506181360864
Red Hook,One_Family,2440512.210526316,66.57875637717255,0.052352506181360864
Schuylerville,Two_Family,545249.1408450705,66.2699614709082,0.05116078014926384
Schuylerville,Three_Family,689533.0,66.2699614709082,0.05116078014926384
Schuylerville,One_Family,413650.6,66.2699614709082,0.05116078014926384
Schuylerville,Condo_Elevator,212500.0,66.2699614709082,0.05116078014926384
Schuylerville,Coop_Elevator,127369.23076923077,66.2699614709082,0.05116078014926384
Bath Beach,Condo_Walkup,643600.0,66.18213601539958,0.05082183711786298
Bath Beach,Coop_Elevator,278500.0,66.18213601539958,0.05082183711786298
Bath Beach,Two_Family,1150971.7931034483,66.18213601539958,0.05082183711786298
Bath Beach,Three_Family,1240588.5238095238,66.18213601539958,0.05082183711786298
Bath Beach,Coop_Walkup,292069.7894736842,66.18213601539958,0.05082183711786298
Bath Beach,Condo_Elevator,538333.3333333334,66.18213601539958,0.05082183711786298
Bath Beach,One_Family,915200.0,66.18213601539958,0.05082183711786298
Eltingville,Two_Family,668223.6666666666,66.08664964188165,0.05045332845815582
Eltingville,One_Family,517844.7631578947,66.08664964188165,0.05045332845815582
Bellerose,Three_Family,778250.0,66.04975123357205,0.05031092716579824
Bellerose,One_Family,588311.5702479339,66.04975123357205,0.05031092716579824
Bellerose,Two_Family,673973.6842105263,66.04975123357205,0.05031092716579824
Clinton Hill,Coop_Walkup,914140.0,65.82367399868902,0.049438431795541145
Clinton Hill,Two_Family,2119457.75,65.82367399868902,0.049438431795541145
Clinton Hill,Coop_Elevator,643731.2524271845,65.82367399868902,0.049438431795541145
Clinton Hill,Condo_Walkup,955253.5714285715,65.82367399868902,0.049438431795541145
Clinton Hill,Condo_Elevator,912219.4408602151,65.82367399868902,0.049438431795541145
Clinton Hill,Three_Family,2178756.3846153845,65.82367399868902,0.049438431795541145
Clinton Hill,One_Family,2632984.6,65.82367399868902,0.049438431795541145
Far Rockaway,Condo_Elevator,256500.0,65.71052289633373,0.04900174999962505
Far Rockaway,One_Family,561263.7441860465,65.71052289633373,0.04900174999962505
Far Rockaway,Coop_Elevator,132666.66666666666,65.71052289633373,0.04900174999962505
Far Rockaway,Three_Family,456704.39024390245,65.71052289633373,0.04900174999962505
Far Rockaway,Two_Family,449323.7425742574,65.71052289633373,0.04900174999962505
Bay Ridge,One_Family,1175226.7542372881,65.68435273129495,0.04890075200286955
Bay Ridge,Two_Family,1234240.8,65.68435273129495,0.04890075200286955
Bay Ridge,Three_Family,1447481.0,65.68435273129495,0.04890075200286955
Bay Ridge,Coop_Walkup,326528.7586206897,65.68435273129495,0.04890075200286955
Bay Ridge,Coop_Elevator,368520.8149779736,65.68435273129495,0.04890075200286955
Bay Ridge,Condo_Walkup,850000.0,65.68435273129495,0.04890075200286955
Bay Ridge,Condo_Elevator,829283.4210526316,65.68435273129495,0.04890075200286955
Williamsbridge,One_Family,356621.77611940296,65.46069853634435,0.048037607822368926
Williamsbridge,Coop_Elevator,134766.66666666666,65.46069853634435,0.048037607822368926
Williamsbridge,Two_Family,474717.7743902439,65.46069853634435,0.048037607822368926
Williamsbridge,Condo_Elevator,187000.0,65.46069853634435,0.048037607822368926
Williamsbridge,Condo_Walkup,147049.0,65.46069853634435,0.048037607822368926
Williamsbridge,Three_Family,596819.0,65.46069853634435,0.048037607822368926
Port Richmond,Two_Family,396483.5714285714,65.20490009518541,0.0470504099926289
Port Richmond,One_Family,340880.21428571426,65.20490009518541,0.0470504099926289
Cobble Hill,One_Family,2534200.0,65.09065914034286,0.04660952215071308
Cobble Hill,Coop_Walkup,997321.4285714285,65.09065914034286,0.04660952215071308
Cobble Hill,Two_Family,3951272.727272727,65.09065914034286,0.04660952215071308
Cobble Hill,Condo_Walkup,899069.52,65.09065914034286,0.04660952215071308
Cobble Hill,Three_Family,3367448.0,65.09065914034286,0.04660952215071308
Cobble Hill,Condo_Elevator,1311222.2222222222,65.09065914034286,0.04660952215071308
Cobble Hill,Coop_Elevator,660250.0,65.09065914034286,0.04660952215071308
Ridgewood,One_Family,739904.7619047619,64.86475455729584,0.045737693092248365
Ridgewood,Condo_Walkup,487574.6666666667,64.86475455729584,0.045737693092248365
Ridgewood,Three_Family,1007582.0689655172,64.86475455729584,0.045737693092248365
Ridgewood,Two_Family,912973.904109589,64.86475455729584,0.045737693092248365
Ridgewood,Condo_Elevator,490683.21428571426,64.86475455729584,0.045737693092248365
East Elmhurst,Three_Family,882308.7647058824,64.74628615974196,0.045280490364866186
East Elmhurst,One_Family,598203.4444444445,64.74628615974196,0.045280490364866186
East Elmhurst,Two_Family,782739.0857142857,64.74628615974196,0.045280490364866186
Arrochar,One_Family,555281.5238095238,64.66225723847526,0.044956199222457194
Arrochar,Two_Family,594857.1428571428,64.66225723847526,0.044956199222457194
Van Nest,Three_Family,581498.5151515151,64.49606903373294,0.044314832393532406
Van Nest,One_Family,439195.86666666664,64.49606903373294,0.044314832393532406
Van Nest,Coop_Elevator,167787.85714285713,64.49606903373294,0.044314832393532406
Van Nest,Two_Family,541988.1208791209,64.49606903373294,0.044314832393532406
Flushing Meadows Corona Park,Three_Family,700000.0,64.44578999203453,0.04412079148921257
Flushing Meadows Corona Park,Condo_Elevator,449902.0,64.44578999203453,0.04412079148921257
Flushing Meadows Corona Park,Coop_Elevator,294426.5,64.44578999203453,0.04412079148921257
Kingsbridge,Two_Family,579416.6666666666,64.15801128505062,0.043010172856461096
Kingsbridge,Coop_Elevator,195308.93333333332,64.15801128505062,0.043010172856461096
Kingsbridge,Condo_Walkup,262000.0,64.15801128505062,0.043010172856461096
Kingsbridge,Three_Family,643338.8888888889,64.15801128505062,0.043010172856461096
Kingsbridge,One_Family,553637.5,64.15801128505062,0.043010172856461096
Kingsbridge,Condo_Elevator,568953.3333333334,64.15801128505062,0.043010172856461096
Jackson Heights,Condo_Walkup,399750.0,64.07765207783406,0.04270004416840345
Jackson Heights,Coop_Walkup,502603.26086956525,64.07765207783406,0.04270004416840345
Jackson Heights,Two_Family,848036.3367346938,64.07765207783406,0.04270004416840345
Jackson Heights,Condo_Elevator,487426.0238095238,64.07765207783406,0.04270004416840345
Jackson Heights,One_Family,769952.472972973,64.07765207783406,0.04270004416840345
Jackson Heights,Coop_Elevator,346451.5348189415,64.07765207783406,0.04270004416840345
Jackson Heights,Three_Family,1085880.4594594594,64.07765207783406,0.04270004416840345
Mill Basin,One_Family,956507.7619047619,64.00788918746369,0.04243080963492472
Mill Basin,Three_Family,700000.0,64.00788918746369,0.04243080963492472
Mill Basin,Two_Family,922961.5384615385,64.00788918746369,0.04243080963492472
Sheepshead Bay,One_Family,641150.3506493507,63.841484175511475,0.04178860608625248
Sheepshead Bay,Coop_Walkup,169125.0,63.841484175511475,0.04178860608625248
Sheepshead Bay,Two_Family,870417.6,63.841484175511475,0.04178860608625248
Sheepshead Bay,Condo_Walkup,276032.6666666667,63.841484175511475,0.04178860608625248
Sheepshead Bay,Three_Family,1129705.8823529412,63.841484175511475,0.04178860608625248
Sheepshead Bay,Condo_Elevator,785363.9298245613,63.841484175511475,0.04178860608625248
Sheepshead Bay,Coop_Elevator,243759.85945945946,63.841484175511475,0.04178860608625248
Prospect-Lefferts Gardens,Three_Family,1025000.0,63.31795186905745,0.03976814828209778
Prospect-Lefferts Gardens,Condo_Elevator,682500.0,63.31795186905745,0.03976814828209778
Prospect-Lefferts Gardens,One_Family,1509518.5185185184,63.31795186905745,0.03976814828209778
Prospect-Lefferts Gardens,Coop_Elevator,502320.0344827586,63.31795186905745,0.03976814828209778
Prospect-Lefferts Gardens,Two_Family,1146567.8387096773,63.31795186905745,0.03976814828209778
Civic Center,Condo_Elevator,7218374.689655173,63.31600595478734,0.03976063845390801
Civic Center,Coop_Elevator,1021795.52,63.31600595478734,0.03976063845390801
Sunset Park,One_Family,1384499.8333333333,63.14335014059157,0.0390943113086219
Sunset Park,Three_Family,1280207.2413793104,63.14335014059157,0.0390943113086219
Sunset Park,Coop_Walkup,481183.7916666667,63.14335014059157,0.0390943113086219
Sunset Park,Two_Family,1158263.2612612613,63.14335014059157,0.0390943113086219
Sunset Park,Condo_Elevator,551192.25,63.14335014059157,0.0390943113086219
Sunset Park,Condo_Walkup,847375.0,63.14335014059157,0.0390943113086219
South Ozone Park,One_Family,477380.7456896552,63.11284760751518,0.03897659349017799
South Ozone Park,Two_Family,544062.7814569536,63.11284760751518,0.03897659349017799
South Ozone Park,Three_Family,576583.3333333334,63.11284760751518,0.03897659349017799
South Ozone Park,Condo_Walkup,179000.0,63.11284760751518,0.03897659349017799
Unionport,Coop_Elevator,140000.0,62.74071714736655,0.037540437816302646
Unionport,Two_Family,508872.60655737703,62.74071714736655,0.037540437816302646
Unionport,Three_Family,565630.9523809524,62.74071714736655,0.037540437816302646
Unionport,One_Family,401593.75,62.74071714736655,0.037540437816302646
College Point,Three_Family,944925.1818181818,62.70279579823932,0.037394088708819426
College Point,Condo_Elevator,560000.0,62.70279579823932,0.037394088708819426
College Point,Condo_Walkup,307500.0,62.70279579823932,0.037394088708819426
College Point,One_Family,732326.734939759,62.70279579823932,0.037394088708819426
College Point,Two_Family,903011.4789915966,62.70279579823932,0.037394088708819426
Gravesend,Three_Family,1190666.705882353,62.62272204900344,0.037085061683061686
Gravesend,Coop_Walkup,120000.0,62.62272204900344,0.037085061683061686
Gravesend,Two_Family,964164.6722689075,62.62272204900344,0.037085061683061686
Gravesend,Condo_Walkup,630000.0,62.62272204900344,0.037085061683061686
Gravesend,One_Family,791131.4509803922,62.62272204900344,0.037085061683061686
Gravesend,Condo_Elevator,565782.625,62.62272204900344,0.037085061683061686
Gravesend,Coop_Elevator,304185.6666666667,62.62272204900344,0.037085061683061686
Baychester,Coop_Elevator,133250.0,62.58721205101801,0.036948018655017914
Baychester,Two_Family,495201.1395348837,62.58721205101801,0.036948018655017914
Baychester,Three_Family,575538.75,62.58721205101801,0.036948018655017914
Baychester,One_Family,366565.8064516129,62.58721205101801,0.036948018655017914
Throgs Neck,Condo_Walkup,305469.44444444444,62.34286441052487,0.036005012672244825
Throgs Neck,One_Family,403534.4895104895,62.34286441052487,0.036005012672244825
Throgs Neck,Two_Family,555734.5339805825,62.34286441052487,0.036005012672244825
Throgs Neck,Three_Family,570954.5454545454,62.34286441052487,0.036005012672244825
Gowanus,Condo_Walkup,1615000.0,62.14262689690614,0.035232240023665116
Gowanus,Three_Family,1938111.111111111,62.14262689690614,0.035232240023665116
Gowanus,Coop_Walkup,484000.0,62.14262689690614,0.035232240023665116
Gowanus,Two_Family,1730666.6666666667,62.14262689690614,0.035232240023665116
Gowanus,Condo_Elevator,1712148.9117647058,62.14262689690614,0.035232240023665116
Gowanus,One_Family,1917533.6666666667,62.14262689690614,0.035232240023665116
Oakwood,Two_Family,607233.3333333334,61.91723131660526,0.03436237534936179
Oakwood,One_Family,581370.7,61.91723131660526,0.03436237534936179
Whitestone,One_Family,965130.754491018,61.733990597712584,0.033655198092177305
Whitestone,Three_Family,1184250.0,61.733990597712584,0.033655198092177305
Whitestone,Two_Family,1121610.725,61.733990597712584,0.033655198092177305
Whitestone,Coop_Elevator,232000.0,61.733990597712584,0.033655198092177305
Whitestone,Condo_Walkup,471642.6,61.733990597712584,0.033655198092177305
Whitestone,Coop_Walkup,246748.23529411765,61.733990597712584,0.033655198092177305
Mariners Harbor,One_Family,346028.7102803738,61.68468191711155,0.03346490208311585
Mariners Harbor,Three_Family,340000.0,61.68468191711155,0.03346490208311585
Mariners Harbor,Two_Family,416367.625,61.68468191711155,0.03346490208311585
Greenpoint,Three_Family,1797500.0,61.65839119102567,0.0333634388075123
Greenpoint,Coop_Walkup,406249.75,61.65839119102567,0.0333634388075123
Greenpoint,Coop_Elevator,569722.1666666666,61.65839119102567,0.0333634388075123
Greenpoint,Condo_Walkup,891555.5555555555,61.65839119102567,0.0333634388075123
Greenpoint,Two_Family,1652676.9767441861,61.65839119102567,0.0333634388075123
Greenpoint,Condo_Elevator,1114205.814516129,61.65839119102567,0.0333634388075123
Greenpoint,One_Family,2102142.8571428573,61.65839119102567,0.0333634388075123
University Heights,One_Family,448833.3333333333,61.47103716419863,0.0326403871429332
University Heights,Coop_Elevator,163155.35294117648,61.47103716419863,0.0326403871429332
University Heights,Two_Family,475700.0,61.47103716419863,0.0326403871429332
University Heights,Three_Family,532619.5714285715,61.47103716419863,0.0326403871429332
Dyker Heights,Three_Family,1358523.8095238095,61.33699134016416,0.03212306676375889
Dyker Heights,Condo_Elevator,480000.0,61.33699134016416,0.03212306676375889
Dyker Heights,One_Family,1000379.85,61.33699134016416,0.03212306676375889
Dyker Heights,Two_Family,1164507.843137255,61.33699134016416,0.03212306676375889
Park Slope,Three_Family,2554198.769230769,61.071953440077706,0.031100211274183727
Park Slope,Coop_Walkup,973559.4810126582,61.071953440077706,0.031100211274183727
Park Slope,Condo_Elevator,1677375.8020833333,61.071953440077706,0.031100211274183727
Park Slope,Condo_Walkup,686518.1219512195,61.071953440077706,0.031100211274183727
Park Slope,One_Family,4569444.444444444,61.071953440077706,0.031100211274183727
Park Slope,Two_Family,3262036.9836065574,61.071953440077706,0.031100211274183727
Park Slope,Coop_Elevator,1096496.505882353,61.071953440077706,0.031100211274183727
Woodlawn,Three_Family,633000.0,60.9675316409079,0.030697218304207272
Woodlawn,One_Family,489551.44444444444,60.9675316409079,0.030697218304207272
Woodlawn,Coop_Elevator,157563.16,60.9675316409079,0.030697218304207272
Woodlawn,Two_Family,565606.4285714285,60.9675316409079,0.030697218304207272
Wakefield,Three_Family,499792.6,60.92695788491025,0.030540632815711687
Wakefield,Two_Family,522157.2921348315,60.92695788491025,0.030540632815711687
Wakefield,One_Family,370362.17307692306,60.92695788491025,0.030540632815711687
Pelham Gardens,One_Family,517634.17647058825,60.8875096252865,0.03038839093295761
Pelham Gardens,Three_Family,673100.0,60.8875096252865,0.03038839093295761
Pelham Gardens,Two_Family,581083.3333333334,60.8875096252865,0.03038839093295761
Sunnyside,Two_Family,1020226.9696969697,60.804103678542646,0.030066504023718077
Sunnyside,Two_Family,644625.0,60.804103678542646,0.030066504023718077
Sunnyside,Condo_Elevator,475812.5,60.804103678542646,0.030066504023718077
Sunnyside,Condo_Elevator,326000.0,60.804103678542646,0.030066504023718077
Sunnyside,One_Family,839916.6666666666,60.804103678542646,0.030066504023718077
Sunnyside,One_Family,589303.5714285715,60.804103678542646,0.030066504023718077
Sunnyside,Three_Family,1367277.6666666667,60.804103678542646,0.030066504023718077
Sunnyside,Coop_Walkup,444000.0,60.804103678542646,0.030066504023718077
Sunnyside,Coop_Elevator,325226.41891891893,60.804103678542646,0.030066504023718077
Kips Bay,Three_Family,6650000.0,60.791652848363356,0.030018452782765374
Kips Bay,Two_Family,5750000.0,60.791652848363356,0.030018452782765374
Kips Bay,Condo_Elevator,1231823.8551401868,60.791652848363356,0.030018452782765374
Kips Bay,Coop_Elevator,705911.1351351351,60.791652848363356,0.030018452782765374
Riverdale,Three_Family,887250.0,60.225605620198685,0.0278339179879372
Riverdale,Two_Family,813200.0,60.225605620198685,0.0278339179879372
Riverdale,Condo_Elevator,651496.5952380953,60.225605620198685,0.0278339179879372
Riverdale,One_Family,1052347.775510204,60.225605620198685,0.0278339179879372
Riverdale,Coop_Walkup,400312.5,60.225605620198685,0.0278339179879372
Riverdale,Coop_Elevator,302920.66524520254,60.225605620198685,0.0278339179879372
Riverdale,Condo_Walkup,578254.6666666666,60.225605620198685,0.0278339179879372
Flatiron District,Condo_Elevator,5015525.336170212,60.16969422185263,0.027618140241775467
Flatiron District,Coop_Walkup,1250000.0,60.16969422185263,0.027618140241775467
Flatiron District,Coop_Elevator,1414134.5462962964,60.16969422185263,0.027618140241775467
Stapleton,One_Family,326632.0263157895,60.08666809927314,0.027297719180369273
Stapleton,Two_Family,363077.77777777775,60.08666809927314,0.027297719180369273
Stapleton,Three_Family,490325.0,60.08666809927314,0.027297719180369273
Tompkinsville,Condo_Elevator,245083.33333333334,59.53914299489931,0.025184666449019066
Tompkinsville,Two_Family,366728.5714285714,59.53914299489931,0.025184666449019066
Tompkinsville,One_Family,563726.6666666666,59.53914299489931,0.025184666449019066
Morris Park,Coop_Elevator,167787.85714285713,59.09782561152578,0.023481499060199095
Morris Park,One_Family,439195.86666666664,59.09782561152578,0.023481499060199095
Morris Park,Three_Family,581498.5151515151,59.09782561152578,0.023481499060199095
Morris Park,Two_Family,541988.1208791209,59.09782561152578,0.023481499060199095
Boerum Hill,One_Family,3712493.727272727,58.82865246718234,0.02244268450481627
Boerum Hill,Two_Family,3076689.785714286,58.82865246718234,0.02244268450481627
Boerum Hill,Condo_Elevator,1644156.7808219178,58.82865246718234,0.02244268450481627
Boerum Hill,Coop_Elevator,1178250.0,58.82865246718234,0.02244268450481627
Boerum Hill,Three_Family,2821666.6666666665,58.82865246718234,0.02244268450481627
Boerum Hill,Coop_Walkup,922361.2,58.82865246718234,0.02244268450481627
Boerum Hill,Condo_Walkup,1347388.888888889,58.82865246718234,0.02244268450481627
Navy Yard,Three_Family,1150000.0,58.70682930689745,0.02197253480843639
Navy Yard,Condo_Elevator,337029.0,58.70682930689745,0.02197253480843639
Navy Yard,One_Family,2175731.090909091,58.70682930689745,0.02197253480843639
Navy Yard,Two_Family,1050000.0,58.70682930689745,0.02197253480843639
Carroll Gardens,Condo_Walkup,751000.0,58.34404757720907,0.02057245850384639
Carroll Gardens,Coop_Walkup,979963.2272727273,58.34404757720907,0.02057245850384639
Carroll Gardens,Two_Family,2904615.3846153845,58.34404757720907,0.02057245850384639
Carroll Gardens,Three_Family,2549176.470588235,58.34404757720907,0.02057245850384639
Carroll Gardens,Condo_Elevator,1087247.5,58.34404757720907,0.02057245850384639
Carroll Gardens,One_Family,4041000.0,58.34404757720907,0.02057245850384639
Little Italy,Coop_Walkup,885737.5,57.69064293385844,0.018050786976313477
Little Italy,Condo_Elevator,4470843.916666667,57.69064293385844,0.018050786976313477
Little Italy,One_Family,7090000.0,57.69064293385844,0.018050786976313477
Little Italy,Coop_Elevator,4300000.0,57.69064293385844,0.018050786976313477
Woodside,Coop_Elevator,342107.77536231885,57.05344419775871,0.015591658583893471
Woodside,Coop_Walkup,344750.0,57.05344419775871,0.015591658583893471
Woodside,Two_Family,945994.0789473684,57.05344419775871,0.015591658583893471
Woodside,Condo_Walkup,461956.7727272727,57.05344419775871,0.015591658583893471
Woodside,Condo_Elevator,606343.4210526316,57.05344419775871,0.015591658583893471
Woodside,Three_Family,1043928.5714285715,57.05344419775871,0.015591658583893471
Woodside,One_Family,685241.1176470588,57.05344419775871,0.015591658583893471
Bedford-Stuyvesant,Condo_Elevator,773984.2588235295,56.531487820788875,0.013577282733012386
Bedford-Stuyvesant,Condo_Walkup,778462.3,56.531487820788875,0.013577282733012386
Bedford-Stuyvesant,Three_Family,1367610.4830508474,56.531487820788875,0.013577282733012386
Bedford-Stuyvesant,Coop_Walkup,465000.0,56.531487820788875,0.013577282733012386
Bedford-Stuyvesant,One_Family,1010627.4166666666,56.531487820788875,0.013577282733012386
Bedford-Stuyvesant,Two_Family,1289481.3228346456,56.531487820788875,0.013577282733012386
Co-op City,One_Family,330000.0,56.43407201978828,0.013201327872246024
Chinatown,Condo_Elevator,1231837.4918032787,55.93129639342249,0.011260975910186637
City Island,Two_Family,484375.0,55.86229682271689,0.010994687241088597
City Island,One_Family,496373.13513513515,55.86229682271689,0.010994687241088597
City Island,Coop_Walkup,318750.0,55.86229682271689,0.010994687241088597
Laurelton,Coop_Walkup,132879.6875,55.78459480500337,0.010694813391562088
Laurelton,Two_Family,558270.1458333334,55.78459480500337,0.010694813391562088
Laurelton,Three_Family,406000.0,55.78459480500337,0.010694813391562088
Laurelton,One_Family,434139.3387978142,55.78459480500337,0.010694813391562088
Williamsburg,Condo_Walkup,865754.4545454546,55.71889187060874,0.010441247365326494
Williamsburg,Condo_Elevator,1121961.9832635983,55.71889187060874,0.010441247365326494
Williamsburg,One_Family,2452888.8333333335,55.71889187060874,0.010441247365326494
Williamsburg,Coop_Walkup,361992.3076923077,55.71889187060874,0.010441247365326494
Williamsburg,Two_Family,1851935.0,55.71889187060874,0.010441247365326494
Williamsburg,Coop_Elevator,515000.0,55.71889187060874,0.010441247365326494
Williamsburg,Three_Family,2066802.8387096773,55.71889187060874,0.010441247365326494
Concord,One_Family,351112.21428571426,53.83784711971534,0.0031817688192004243
Concord,Two_Family,407230.76923076925,53.83784711971534,0.0031817688192004243
St. George,Condo_Elevator,619700.0,53.83165304671989,0.0031578641566440283
St. George,Coop_Elevator,319500.0,53.83165304671989,0.0031578641566440283
Downtown Brooklyn,Coop_Walkup,808776.6666666666,53.76682275835719,0.0029076659158607156
Downtown Brooklyn,Condo_Elevator,1744280.210031348,53.76682275835719,0.0029076659158607156
Downtown Brooklyn,One_Family,4002500.0,53.76682275835719,0.0029076659158607156
Downtown Brooklyn,Three_Family,2025000.0,53.76682275835719,0.0029076659158607156
Downtown Brooklyn,Coop_Elevator,675655.7692307692,53.76682275835719,0.0029076659158607156
Westchester Square,Two_Family,518158.4791666667,53.6227834508195,0.00235177788482259
Westchester Square,Three_Family,560727.2727272727,53.6227834508195,0.00235177788482259
Westchester Square,One_Family,424994.44444444444,53.6227834508195,0.00235177788482259
Westchester Square,Coop_Walkup,122414.28571428571,53.6227834508195,0.00235177788482259
Lower East Side,Coop_Walkup,737058.8235294118,51.782160865466984,-0.004751700202838809
Lower East Side,Condo_Elevator,2874084.61627907,51.782160865466984,-0.004751700202838809
Lower East Side,Coop_Elevator,820936.5853658536,51.782160865466984,-0.004751700202838809
Lower East Side,Condo_Walkup,1052111.75,51.782160865466984,-0.004751700202838809
Midland Beach,One_Family,438637.3594771242,51.167031073429904,-0.00712565835894077
Midland Beach,Three_Family,381414.0,51.167031073429904,-0.00712565835894077
Midland Beach,Two_Family,649690.6538461539,51.167031073429904,-0.00712565835894077
Gerritsen Beach,Two_Family,502076.5333333333,50.396458218627615,-0.010099514831524693
Gerritsen Beach,One_Family,437838.15277777775,50.396458218627615,-0.010099514831524693
Upper West Side,Three_Family,7104111.625,44.56174468807922,-0.032617308561679284
Upper West Side,Two_Family,7969700.0,44.56174468807922,-0.032617308561679284
Upper West Side,Condo_Elevator,2915634.273299748,44.56174468807922,-0.032617308561679284
Upper West Side,Condo_Walkup,821000.0,44.56174468807922,-0.032617308561679284
Upper West Side,One_Family,1.11305675E7,44.56174468807922,-0.032617308561679284
Upper West Side,Coop_Walkup,906356.4519230769,44.56174468807922,-0.032617308561679284
Upper West Side,Coop_Elevator,1739525.6510359868,44.56174468807922,-0.032617308561679284
Glen Oaks,One_Family,619703.7037037037,44.55676137110012,-0.03263654057765401
Glen Oaks,Two_Family,715833.3333333334,44.55676137110012,-0.03263654057765401
Glen Oaks,Coop_Elevator,553468.7256637168,44.55676137110012,-0.03263654057765401
Glen Oaks,Coop_Walkup,253540.48965517242,44.55676137110012,-0.03263654057765401
Manhattan Beach,Two_Family,1493343.75,44.55246923530346,-0.03265310513185619
Manhattan Beach,Condo_Elevator,865000.0,44.55246923530346,-0.03265310513185619
Manhattan Beach,One_Family,1347004.2608695652,44.55246923530346,-0.03265310513185619
Manhattan Beach,Three_Family,1382500.0,44.55246923530346,-0.03265310513185619
Prospect Heights,Condo_Walkup,590570.3333333334,42.28181744775425,-0.04141618635552587
Prospect Heights,One_Family,2250000.0,42.28181744775425,-0.04141618635552587
Prospect Heights,Coop_Walkup,647109.7727272727,42.28181744775425,-0.04141618635552587
Prospect Heights,Two_Family,2424750.0,42.28181744775425,-0.04141618635552587
Prospect Heights,Condo_Elevator,1124879.124423963,42.28181744775425,-0.04141618635552587
Prospect Heights,Coop_Elevator,878192.3773584906,42.28181744775425,-0.04141618635552587
Prospect Heights,Three_Family,2852750.0,42.28181744775425,-0.04141618635552587
Upper East Side,Condo_Elevator,2614432.9519906323,36.15264782787844,-0.06507036860713024
Upper East Side,Condo_Walkup,636750.0,36.15264782787844,-0.06507036860713024
Upper East Side,One_Family,9484452.966666667,36.15264782787844,-0.06507036860713024
Upper East Side,Three_Family,3950000.0,36.15264782787844,-0.06507036860713024
Upper East Side,Two_Family,1.04375E7,36.15264782787844,-0.06507036860713024
Upper East Side,Coop_Elevator,1854023.6987179487,36.15264782787844,-0.06507036860713024
Upper East Side,Coop_Walkup,654030.1465517242,36.15264782787844,-0.06507036860713024
South Slope,Coop_Walkup,757750.25,36.1154598161439,-0.06521388756021831
South Slope,Two_Family,1933524.6785714286,36.1154598161439,-0.06521388756021831
South Slope,Condo_Elevator,1299205.8823529412,36.1154598161439,-0.06521388756021831
South Slope,Condo_Walkup,1130181.8181818181,36.1154598161439,-0.06521388756021831
South Slope,One_Family,1868111.8,36.1154598161439,-0.06521388756021831
South Slope,Three_Family,2053078.125,36.1154598161439,-0.06521388756021831
East Harlem,Three_Family,1606666.6,11.65236406543857,-0.1596238258084858
East Harlem,Two_Family,1319700.0,11.65236406543857,-0.1596238258084858
East Harlem,Condo_Elevator,707114.5681818182,11.65236406543857,-0.1596238258084858
East Harlem,Condo_Walkup,440750.0,11.65236406543857,-0.1596238258084858
East Harlem,One_Family,2137500.0,11.65236406543857,-0.1596238258084858
East Harlem,Coop_Walkup,243700.0,11.65236406543857,-0.1596238258084858
East Harlem,Coop_Elevator,615500.0,11.65236406543857,-0.1596238258084858
East Village,Coop_Walkup,790670.3125,6.099967413908103,-0.18105207962978578
East Village,Two_Family,3500000.0,6.099967413908103,-0.18105207962978578
East Village,Condo_Elevator,1967130.111111111,6.099967413908103,-0.18105207962978578
East Village,Coop_Elevator,969610.2380952381,6.099967413908103,-0.18105207962978578
Emerson Hill,One_Family,987367.5,0.0,-0.20459356238946078
Emerson Hill,Two_Family,318500.0,0.0,-0.20459356238946078
Downtown Brooklyn,Condo_Walkup,-1.0,-1.0,0.0029076659158607156
Van Nest,Condo_Walkup,-1.0,-1.0,0.044314832393532406
Arrochar,Coop_Elevator,-1.0,-1.0,0.044956199222457194
Co-op City,Three_Family,-1.0,-1.0,0.013201327872246024
Arden Heights,Coop_Elevator,-1.0,-1.0,0.06723110312505286
Flatiron District,Three_Family,-1.0,-1.0,0.027618140241775467
Morris Park,Condo_Elevator,-1.0,-1.0,0.023481499060199095
Richmondtown,Condo_Walkup,-1.0,-1.0,0.06930509248828647
Civic Center,Condo_Walkup,-1.0,-1.0,0.03976063845390801
Concourse,Condo_Walkup,-1.0,-1.0,0.05993059553660378
Eltingville,Condo_Walkup,-1.0,-1.0,0.05045332845815582
New Brighton,Condo_Elevator,-1.0,-1.0,0.06410613154077768
Bloomfield,Coop_Walkup,-1.0,-1.0,0.02803125441742456
Pelham Gardens,Condo_Elevator,-1.0,-1.0,0.03038839093295761
Co-op City,Coop_Walkup,-1.0,-1.0,0.013201327872246024
Grant City,Coop_Elevator,-1.0,-1.0,0.059372911087209795
Little Neck,Condo_Walkup,-1.0,-1.0,0.08118418194676666
Tompkinsville,Condo_Walkup,-1.0,-1.0,0.025184666449019066
Willowbrook,Coop_Elevator,-1.0,-1.0,0.1123352326603267
Arrochar,Condo_Walkup,-1.0,-1.0,0.044956199222457194
Bloomfield,Two_Family,-1.0,-1.0,0.02803125441742456
Huguenot,Three_Family,-1.0,-1.0,0.06367185651953475
University Heights,Condo_Elevator,-1.0,-1.0,0.0326403871429332
Arden Heights,Condo_Walkup,-1.0,-1.0,0.06723110312505286
Co-op City,Two_Family,-1.0,-1.0,0.013201327872246024
Ridgewood,Coop_Elevator,-1.0,-1.0,0.045737693092248365
Unionport,Condo_Walkup,-1.0,-1.0,0.037540437816302646
Wakefield,Condo_Elevator,-1.0,-1.0,0.030540632815711687
Bronxdale,Condo_Walkup,-1.0,-1.0,0.06879696344473885
Mount Eden,Coop_Walkup,-1.0,-1.0,0.0777939775601612
Pleasant Plains,Condo_Elevator,-1.0,-1.0,0.0864761510589705
Cypress Hills,Condo_Elevator,-1.0,-1.0,0.08066996478345836
Oakwood,Three_Family,-1.0,-1.0,0.03436237534936179
Willowbrook,Condo_Walkup,-1.0,-1.0,0.1123352326603267
Brownsville,Coop_Walkup,-1.0,-1.0,0.1190238422837459
Cambria Heights,Condo_Walkup,-1.0,-1.0,0.08538724315478305
Flushing Meadows Corona Park,Two_Family,-1.0,-1.0,0.04412079148921257
Concord,Condo_Walkup,-1.0,-1.0,0.0031817688192004243
Hollis Hills,Three_Family,-1.0,-1.0,0.071249174731874
Gowanus,Coop_Elevator,-1.0,-1.0,0.035232240023665116
Soundview,Coop_Walkup,-1.0,-1.0,0.06353550992152616
Stapleton,Coop_Elevator,-1.0,-1.0,0.027297719180369273
Westchester Square,Condo_Elevator,-1.0,-1.0,0.00235177788482259
Dongan Hills,Condo_Elevator,-1.0,-1.0,0.09053603970034944
Ozone Park,Coop_Walkup,-1.0,-1.0,0.07371851619433356
Castle Hill,Condo_Walkup,-1.0,-1.0,0.0804821269878694
East Elmhurst,Coop_Walkup,-1.0,-1.0,0.045280490364866186
Bronx Park,Three_Family,-1.0,-1.0,-0.006165065683518725
Maspeth,Coop_Walkup,-1.0,-1.0,0.06099047638728066
Port Richmond,Three_Family,-1.0,-1.0,0.0470504099926289
Sunnyside,Condo_Walkup,-1.0,-1.0,0.06723093278578748
Sunnyside,Condo_Walkup,-1.0,-1.0,0.030066504023718077
Tottenville,Coop_Elevator,-1.0,-1.0,0.10504469394610572
Bloomfield,Condo_Elevator,-1.0,-1.0,0.02803125441742456
Hollis Hills,Coop_Walkup,-1.0,-1.0,0.071249174731874
Mount Hope,Coop_Walkup,-1.0,-1.0,0.08941259785774289
Kips Bay,One_Family,-1.0,-1.0,0.030018452782765374
Hollis Hills,Two_Family,-1.0,-1.0,0.071249174731874
Morris Heights,Condo_Walkup,-1.0,-1.0,0.08596140946326696
Inwood,Three_Family,-1.0,-1.0,0.08875185971710345
Mill Basin,Coop_Elevator,-1.0,-1.0,0.04243080963492472
Bellerose,Coop_Elevator,-1.0,-1.0,0.05031092716579824
Belmont,Condo_Walkup,-1.0,-1.0,0.09620751131757989
Bronx Park,Coop_Walkup,-1.0,-1.0,-0.006165065683518725
Port Richmond,Coop_Walkup,-1.0,-1.0,0.0470504099926289
Bronx Park,Two_Family,-1.0,-1.0,-0.006165065683518725
Civic Center,Three_Family,-1.0,-1.0,0.03976063845390801
Eltingville,Three_Family,-1.0,-1.0,0.05045332845815582
Little Italy,Two_Family,-1.0,-1.0,0.018050786976313477
Huguenot,Condo_Elevator,-1.0,-1.0,0.06367185651953475
Van Nest,Coop_Walkup,-1.0,-1.0,0.044314832393532406
Brownsville,Condo_Elevator,-1.0,-1.0,0.1190238422837459
Downtown Brooklyn,Two_Family,-1.0,-1.0,0.0029076659158607156
Mill Basin,Condo_Walkup,-1.0,-1.0,0.04243080963492472
Bellerose,Condo_Walkup,-1.0,-1.0,0.05031092716579824
Gerritsen Beach,Three_Family,-1.0,-1.0,-0.010099514831524693
Rosedale,Condo_Elevator,-1.0,-1.0,0.057953546642546865
Jamaica Hills,Condo_Walkup,-1.0,-1.0,0.17131050497002387
Soundview,Condo_Elevator,-1.0,-1.0,0.06353550992152616
Marine Park,Condo_Walkup,-1.0,-1.0,0.10469515798222795
Oakwood,Condo_Elevator,-1.0,-1.0,0.03436237534936179
Rossville,Three_Family,-1.0,-1.0,0.10818712816589804
SoHo,Three_Family,-1.0,-1.0,0.171605876146091
Jamaica,Coop_Walkup,-1.0,-1.0,0.12711770066038702
Baychester,Coop_Walkup,-1.0,-1.0,0.036948018655017914
Crotona Park,Coop_Walkup,-1.0,-1.0,0.09619900622438661
Gerritsen Beach,Coop_Walkup,-1.0,-1.0,-0.010099514831524693
Laurelton,Condo_Elevator,-1.0,-1.0,0.010694813391562088
Navy Yard,Condo_Walkup,-1.0,-1.0,0.02197253480843639
Willowbrook,Three_Family,-1.0,-1.0,0.1123352326603267
Cambria Heights,Three_Family,-1.0,-1.0,0.08538724315478305
Morris Park,Condo_Walkup,-1.0,-1.0,0.023481499060199095
Wakefield,Coop_Elevator,-1.0,-1.0,0.030540632815711687
Washington Heights,Condo_Walkup,-1.0,-1.0,0.1139594768336978
Concord,Three_Family,-1.0,-1.0,0.0031817688192004243
Melrose,Condo_Walkup,-1.0,-1.0,0.08705375564755226
Rossville,Coop_Walkup,-1.0,-1.0,0.10818712816589804
Bronx Park,Condo_Elevator,-1.0,-1.0,-0.006165065683518725
Pelham Gardens,Condo_Walkup,-1.0,-1.0,0.03038839093295761
Pleasant Plains,Coop_Elevator,-1.0,-1.0,0.0864761510589705
Port Richmond,Condo_Elevator,-1.0,-1.0,0.0470504099926289
City Island,Coop_Elevator,-1.0,-1.0,0.010994687241088597
Emerson Hill,Coop_Walkup,-1.0,-1.0,-0.20459356238946078
Red Hook,Condo_Walkup,-1.0,-1.0,0.052352506181360864
South Slope,Coop_Elevator,-1.0,-1.0,-0.06521388756021831
Richmond Hill,Condo_Walkup,-1.0,-1.0,0.09436588299840196
Rosebank,Coop_Elevator,-1.0,-1.0,0.06699746442446988
Springfield Gardens,Condo_Elevator,-1.0,-1.0,0.1055898352310133
Dyker Heights,Coop_Elevator,-1.0,-1.0,0.03212306676375889
Eltingville,Condo_Elevator,-1.0,-1.0,0.05045332845815582
St. George,Three_Family,-1.0,-1.0,0.0031578641566440283
Bloomfield,Coop_Elevator,-1.0,-1.0,0.02803125441742456
Flatlands,Condo_Elevator,-1.0,-1.0,0.08297944379287414
Co-op City,Coop_Elevator,-1.0,-1.0,0.013201327872246024
New Dorp,Condo_Walkup,-1.0,-1.0,0.05791566789653575
Crotona Park,Condo_Elevator,-1.0,-1.0,0.09619900622438661
Gerritsen Beach,Condo_Elevator,-1.0,-1.0,-0.010099514831524693
Unionport,Condo_Elevator,-1.0,-1.0,0.037540437816302646
Country Club,Condo_Elevator,-1.0,-1.0,0.06059842130310096
Midland Beach,Coop_Walkup,-1.0,-1.0,-0.00712565835894077
Parkchester,Condo_Walkup,-1.0,-1.0,0.07360909813818171
Bloomfield,Condo_Walkup,-1.0,-1.0,0.02803125441742456
Manhattan Beach,Coop_Walkup,-1.0,-1.0,-0.03265310513185619
Co-op City,Condo_Walkup,-1.0,-1.0,0.013201327872246024
Willowbrook,Condo_Elevator,-1.0,-1.0,0.1123352326603267
Concord,Condo_Elevator,-1.0,-1.0,0.0031817688192004243
Mott Haven,Coop_Elevator,-1.0,-1.0,0.11803059847303321
West Brighton,Condo_Walkup,-1.0,-1.0,0.07992624773935651
Carroll Gardens,Coop_Elevator,-1.0,-1.0,0.02057245850384639
Rosedale,Coop_Elevator,-1.0,-1.0,0.057953546642546865
Mount Eden,Condo_Walkup,-1.0,-1.0,0.0777939775601612
Murray Hill,Condo_Walkup,-1.0,-1.0,0.15134254064359626
New Brighton,Coop_Walkup,-1.0,-1.0,0.06410613154077768
Ozone Park,Coop_Elevator,-1.0,-1.0,0.07371851619433356
Castle Hill,Condo_Elevator,-1.0,-1.0,0.0804821269878694
East Elmhurst,Coop_Elevator,-1.0,-1.0,0.045280490364866186
Kips Bay,Coop_Walkup,-1.0,-1.0,0.030018452782765374
Civic Center,One_Family,-1.0,-1.0,0.03976063845390801
Laurelton,Coop_Elevator,-1.0,-1.0,0.010694813391562088
Long Island City,Coop_Walkup,-1.0,-1.0,0.07228649722174933
St. Albans,Coop_Walkup,-1.0,-1.0,0.07451671751037041
University Heights,Coop_Walkup,-1.0,-1.0,0.0326403871429332
Chinatown,Coop_Walkup,-1.0,-1.0,0.011260975910186637
Hollis,Coop_Walkup,-1.0,-1.0,0.10005639145879533
Chinatown,Two_Family,-1.0,-1.0,0.011260975910186637
Hunts Point,Coop_Walkup,-1.0,-1.0,0.11556818083813235
Sea Gate,Coop_Elevator,-1.0,-1.0,0.13242861895769414
Maspeth,Condo_Walkup,-1.0,-1.0,0.06099047638728066
Midland Beach,Condo_Elevator,-1.0,-1.0,-0.00712565835894077
City Island,Three_Family,-1.0,-1.0,0.010994687241088597
Hollis Hills,Condo_Walkup,-1.0,-1.0,0.071249174731874
Mount Hope,Condo_Walkup,-1.0,-1.0,0.08941259785774289
Mariners Harbor,Coop_Walkup,-1.0,-1.0,0.03346490208311585
Bellerose,Condo_Elevator,-1.0,-1.0,0.05031092716579824
Bronx Park,Condo_Walkup,-1.0,-1.0,-0.006165065683518725
Little Italy,Condo_Walkup,-1.0,-1.0,0.018050786976313477
Richmond Hill,Coop_Walkup,-1.0,-1.0,0.09436588299840196
Springfield Gardens,Coop_Elevator,-1.0,-1.0,0.1055898352310133
Dyker Heights,Coop_Walkup,-1.0,-1.0,0.03212306676375889
Eltingville,Coop_Elevator,-1.0,-1.0,0.05045332845815582
East Flatbush,Coop_Walkup,-1.0,-1.0,0.06969831896861542
Marine Park,Condo_Elevator,-1.0,-1.0,0.10469515798222795
Castleton Corners,Coop_Walkup,-1.0,-1.0,0.06698463318028718
Throgs Neck,Condo_Elevator,-1.0,-1.0,0.036005012672244825
Queens Village,Condo_Elevator,-1.0,-1.0,0.062148971729284484
Tompkinsville,Coop_Elevator,-1.0,-1.0,0.025184666449019066
Crotona Park,Coop_Elevator,-1.0,-1.0,0.09619900622438661
Gerritsen Beach,Coop_Elevator,-1.0,-1.0,-0.010099514831524693
St. Albans,Condo_Elevator,-1.0,-1.0,0.07451671751037041
East Village,Condo_Walkup,-1.0,-1.0,-0.18105207962978578
Flatiron District,Two_Family,-1.0,-1.0,0.027618140241775467
Hunts Point,Condo_Elevator,-1.0,-1.0,0.11556818083813235
Bay Terrace,Coop_Elevator,-1.0,-1.0,0.07291249077619089
Murray Hill,Three_Family,-1.0,-1.0,0.15134254064359626
Baychester,Condo_Walkup,-1.0,-1.0,0.036948018655017914
Crotona Park,Condo_Walkup,-1.0,-1.0,0.09619900622438661
Gerritsen Beach,Condo_Walkup,-1.0,-1.0,-0.010099514831524693
Red Hook,Condo_Elevator,-1.0,-1.0,0.052352506181360864
Concord,Coop_Elevator,-1.0,-1.0,0.0031817688192004243
Whitestone,Condo_Elevator,-1.0,-1.0,0.033655198092177305
Rosedale,Coop_Walkup,-1.0,-1.0,0.057953546642546865
Bushwick,Coop_Elevator,-1.0,-1.0,0.0525303554311457
City Island,Condo_Elevator,-1.0,-1.0,0.010994687241088597
South Ozone Park,Coop_Elevator,-1.0,-1.0,0.03897659349017799
Castleton Corners,Condo_Elevator,-1.0,-1.0,0.06698463318028718
New Dorp,Condo_Elevator,-1.0,-1.0,0.05791566789653575
Westerleigh,Condo_Walkup,-1.0,-1.0,0.07784501665706338
Gramercy,One_Family,-1.0,-1.0,0.1219710261225293
Tremont,Coop_Elevator,-1.0,-1.0,0.1010016755456209
Belmont,Coop_Elevator,-1.0,-1.0,0.09620751131757989
Bull's Head,Coop_Elevator,-1.0,-1.0,0.11128621092180127
Midwood,Coop_Walkup,-1.0,-1.0,0.06384422051785879
East New York,Coop_Walkup,-1.0,-1.0,0.0852407227143923
Prospect-Lefferts Gardens,Coop_Walkup,-1.0,-1.0,0.03976814828209778
Douglaston,Condo_Elevator,-1.0,-1.0,0.07098238585334214
East Village,Three_Family,-1.0,-1.0,-0.18105207962978578
Midland Beach,Condo_Walkup,-1.0,-1.0,-0.00712565835894077
Richmondtown,Coop_Walkup,-1.0,-1.0,0.06930509248828647
Canarsie,Coop_Elevator,-1.0,-1.0,0.06323871581222174
Floral Park,Condo_Elevator,-1.0,-1.0,0.08430472723659639
Civic Center,Two_Family,-1.0,-1.0,0.03976063845390801
Great Kills,Coop_Elevator,-1.0,-1.0,0.053167386238428566
Arrochar,Coop_Walkup,-1.0,-1.0,0.044956199222457194
Gramercy,Condo_Walkup,-1.0,-1.0,0.1219710261225293
Grant City,Three_Family,-1.0,-1.0,0.059372911087209795
Navy Yard,Coop_Elevator,-1.0,-1.0,0.02197253480843639
St. Albans,Coop_Elevator,-1.0,-1.0,0.07451671751037041
Arden Heights,Coop_Walkup,-1.0,-1.0,0.06723110312505286
Unionport,Coop_Walkup,-1.0,-1.0,0.037540437816302646
New Brighton,Condo_Walkup,-1.0,-1.0,0.06410613154077768
Mount Hope,Condo_Elevator,-1.0,-1.0,0.08941259785774289
Queens Village,Condo_Walkup,-1.0,-1.0,0.062148971729284484
Willowbrook,Coop_Walkup,-1.0,-1.0,0.1123352326603267
Bloomfield,One_Family,-1.0,-1.0,0.02803125441742456
Red Hook,Coop_Elevator,-1.0,-1.0,0.052352506181360864
St. Albans,Condo_Walkup,-1.0,-1.0,0.07451671751037041
University Heights,Condo_Walkup,-1.0,-1.0,0.0326403871429332
Concord,Coop_Walkup,-1.0,-1.0,0.0031817688192004243
Far Rockaway,Condo_Walkup,-1.0,-1.0,0.04900174999962505
Ridgewood,Coop_Walkup,-1.0,-1.0,0.045737693092248365
Wakefield,Condo_Walkup,-1.0,-1.0,0.030540632815711687
Hunts Point,Condo_Walkup,-1.0,-1.0,0.11556818083813235
Westchester Square,Coop_Elevator,-1.0,-1.0,0.00235177788482259
Westerleigh,Three_Family,-1.0,-1.0,0.07784501665706338
Pleasant Plains,Condo_Walkup,-1.0,-1.0,0.0864761510589705
Castle Hill,Coop_Walkup,-1.0,-1.0,0.0804821269878694
Concourse,Condo_Elevator,-1.0,-1.0,0.05993059553660378
Cypress Hills,Condo_Walkup,-1.0,-1.0,0.08066996478345836
Arrochar,Condo_Elevator,-1.0,-1.0,0.044956199222457194
Morris Heights,Coop_Walkup,-1.0,-1.0,0.08596140946326696
Stapleton,Coop_Walkup,-1.0,-1.0,0.027297719180369273
Westchester Square,Condo_Walkup,-1.0,-1.0,0.00235177788482259
Dyker Heights,Condo_Walkup,-1.0,-1.0,0.03212306676375889
Castleton Corners,Condo_Walkup,-1.0,-1.0,0.06698463318028718
St. George,Two_Family,-1.0,-1.0,0.0031578641566440283
Woodhaven,Coop_Elevator,-1.0,-1.0,0.08935888269917089
Fordham,Condo_Elevator,-1.0,-1.0,0.07105167000889398
Huguenot,Coop_Elevator,-1.0,-1.0,0.06367185651953475
Baychester,Condo_Elevator,-1.0,-1.0,0.036948018655017914
Bellerose,Coop_Walkup,-1.0,-1.0,0.05031092716579824
Bronx Park,One_Family,-1.0,-1.0,-0.006165065683518725
Floral Park,Coop_Elevator,-1.0,-1.0,0.08430472723659639
Emerson Hill,Condo_Elevator,-1.0,-1.0,-0.20459356238946078
Lower East Side,Two_Family,-1.0,-1.0,-0.004751700202838809
Throgs Neck,Coop_Walkup,-1.0,-1.0,0.036005012672244825
College Point,Coop_Walkup,-1.0,-1.0,0.037394088708819426
Coney Island,Coop_Walkup,-1.0,-1.0,0.1244966521734371
Rosedale,Condo_Walkup,-1.0,-1.0,0.057953546642546865
Westerleigh,Condo_Elevator,-1.0,-1.0,0.07784501665706338
Melrose,Coop_Walkup,-1.0,-1.0,0.08705375564755226
East Elmhurst,Condo_Walkup,-1.0,-1.0,0.045280490364866186
Pelham Gardens,Coop_Walkup,-1.0,-1.0,0.03038839093295761
East New York,Coop_Elevator,-1.0,-1.0,0.0852407227143923
Laurelton,Condo_Walkup,-1.0,-1.0,0.010694813391562088
Corona,Coop_Walkup,-1.0,-1.0,0.08814616130814198
Glendale,Coop_Walkup,-1.0,-1.0,0.05704205882212175
Wakefield,Coop_Walkup,-1.0,-1.0,0.030540632815711687
Kingsbridge,Coop_Walkup,-1.0,-1.0,0.043010172856461096
Port Richmond,Condo_Walkup,-1.0,-1.0,0.0470504099926289
Cypress Hills,Coop_Walkup,-1.0,-1.0,0.08066996478345836
Bloomfield,Three_Family,-1.0,-1.0,0.02803125441742456
Inwood,Condo_Walkup,-1.0,-1.0,0.08875185971710345
Prospect-Lefferts Gardens,Condo_Walkup,-1.0,-1.0,0.03976814828209778
Dongan Hills,Coop_Walkup,-1.0,-1.0,0.09053603970034944
Highbridge,Coop_Walkup,-1.0,-1.0,0.07651805513655197
Springfield Gardens,Condo_Walkup,-1.0,-1.0,0.1055898352310133
Parkchester,Coop_Walkup,-1.0,-1.0,0.07360909813818171
Hollis,Condo_Elevator,-1.0,-1.0,0.10005639145879533
Rossville,Condo_Walkup,-1.0,-1.0,0.10818712816589804
Bay Terrace,Condo_Walkup,-1.0,-1.0,0.07291249077619089
Flushing Meadows Corona Park,Coop_Walkup,-1.0,-1.0,0.04412079148921257
Tribeca,Condo_Walkup,-1.0,-1.0,0.14159930613502456
Emerson Hill,Coop_Elevator,-1.0,-1.0,-0.20459356238946078
Westerleigh,Coop_Elevator,-1.0,-1.0,0.07784501665706338
Oakwood,Coop_Walkup,-1.0,-1.0,0.03436237534936179
Co-op City,Condo_Elevator,-1.0,-1.0,0.013201327872246024
Chinatown,One_Family,-1.0,-1.0,0.011260975910186637
Sea Gate,Coop_Walkup,-1.0,-1.0,0.13242861895769414
St. George,Condo_Walkup,-1.0,-1.0,0.0031578641566440283
Manhattan Beach,Coop_Elevator,-1.0,-1.0,-0.03265310513185619
Richmondtown,Three_Family,-1.0,-1.0,0.06930509248828647
Woodhaven,Condo_Elevator,-1.0,-1.0,0.08935888269917089
Throgs Neck,Coop_Elevator,-1.0,-1.0,0.036005012672244825
Mott Haven,Condo_Elevator,-1.0,-1.0,0.11803059847303321
Tompkinsville,Three_Family,-1.0,-1.0,0.025184666449019066
Bedford-Stuyvesant,Coop_Elevator,-1.0,-1.0,0.013577282733012386
Eltingville,Coop_Walkup,-1.0,-1.0,0.05045332845815582
Ozone Park,Condo_Elevator,-1.0,-1.0,0.07371851619433356
East Elmhurst,Condo_Elevator,-1.0,-1.0,0.045280490364866186
Flatlands,Coop_Walkup,-1.0,-1.0,0.08297944379287414
Kips Bay,Condo_Walkup,-1.0,-1.0,0.030018452782765374
Pelham Gardens,Coop_Elevator,-1.0,-1.0,0.03038839093295761
Bay Terrace,Three_Family,-1.0,-1.0,0.07291249077619089
Fordham,Coop_Walkup,-1.0,-1.0,0.07105167000889398
Hollis Hills,Condo_Elevator,-1.0,-1.0,0.071249174731874
Tribeca,Three_Family,-1.0,-1.0,0.14159930613502456
Coney Island,Condo_Walkup,-1.0,-1.0,0.1244966521734371
Woodlawn,Coop_Walkup,-1.0,-1.0,0.030697218304207272
Country Club,Coop_Walkup,-1.0,-1.0,0.06059842130310096
Flatiron District,One_Family,-1.0,-1.0,0.027618140241775467
Sea Gate,Condo_Elevator,-1.0,-1.0,0.13242861895769414
Glen Oaks,Three_Family,-1.0,-1.0,-0.03263654057765401
Mariners Harbor,Condo_Walkup,-1.0,-1.0,0.03346490208311585
Van Nest,Condo_Elevator,-1.0,-1.0,0.044314832393532406
New Dorp,Coop_Elevator,-1.0,-1.0,0.05791566789653575
Westerleigh,Coop_Walkup,-1.0,-1.0,0.07784501665706338
City Island,Condo_Walkup,-1.0,-1.0,0.010994687241088597
Richmondtown,Condo_Elevator,-1.0,-1.0,0.06930509248828647
South Ozone Park,Coop_Walkup,-1.0,-1.0,0.03897659349017799
Tottenville,Coop_Walkup,-1.0,-1.0,0.10504469394610572
Highbridge,Condo_Walkup,-1.0,-1.0,0.07651805513655197
Bull's Head,Coop_Walkup,-1.0,-1.0,0.11128621092180127
Rossville,Condo_Elevator,-1.0,-1.0,0.10818712816589804
Bay Terrace,Condo_Elevator,-1.0,-1.0,0.07291249077619089
Brownsville,Coop_Elevator,-1.0,-1.0,0.1190238422837459
Cambria Heights,Condo_Elevator,-1.0,-1.0,0.08538724315478305
Schuylerville,Condo_Walkup,-1.0,-1.0,0.05116078014926384
Douglaston,Condo_Walkup,-1.0,-1.0,0.07098238585334214
Floral Park,Condo_Walkup,-1.0,-1.0,0.08430472723659639
Flushing Meadows Corona Park,Condo_Walkup,-1.0,-1.0,0.04412079148921257
Glen Oaks,Condo_Elevator,-1.0,-1.0,-0.03263654057765401
Oakwood,Coop_Elevator,-1.0,-1.0,0.03436237534936179
South Ozone Park,Condo_Elevator,-1.0,-1.0,0.03897659349017799
Brownsville,Condo_Walkup,-1.0,-1.0,0.1190238422837459
Far Rockaway,Coop_Walkup,-1.0,-1.0,0.04900174999962505
Belmont,Condo_Elevator,-1.0,-1.0,0.09620751131757989
Bronx Park,Coop_Elevator,-1.0,-1.0,-0.006165065683518725
Bull's Head,Condo_Elevator,-1.0,-1.0,0.11128621092180127
Pleasant Plains,Coop_Walkup,-1.0,-1.0,0.0864761510589705
Port Richmond,Coop_Elevator,-1.0,-1.0,0.0470504099926289
Red Hook,Coop_Walkup,-1.0,-1.0,0.052352506181360864
Castleton Corners,Three_Family,-1.0,-1.0,0.06698463318028718
New Dorp,Three_Family,-1.0,-1.0,0.05791566789653575
Sea Gate,Condo_Walkup,-1.0,-1.0,0.13242861895769414
Jamaica Hills,Condo_Elevator,-1.0,-1.0,0.17131050497002387
Richmondtown,Coop_Elevator,-1.0,-1.0,0.06930509248828647
Melrose,Condo_Elevator,-1.0,-1.0,0.08705375564755226
Rossville,Coop_Elevator,-1.0,-1.0,0.10818712816589804
Douglaston,Three_Family,-1.0,-1.0,0.07098238585334214
Flatlands,Condo_Walkup,-1.0,-1.0,0.08297944379287414
St. George,One_Family,-1.0,-1.0,0.0031578641566440283
Woodhaven,Coop_Walkup,-1.0,-1.0,0.08935888269917089
Fordham,Condo_Walkup,-1.0,-1.0,0.07105167000889398
Grant City,Condo_Walkup,-1.0,-1.0,0.059372911087209795
Huguenot,Coop_Walkup,-1.0,-1.0,0.06367185651953475
Middle Village,Coop_Walkup,-1.0,-1.0,0.05990202833004048
Cambria Heights,Coop_Elevator,-1.0,-1.0,0.08538724315478305
Mariners Harbor,Condo_Elevator,-1.0,-1.0,0.03346490208311585
New Springville,Coop_Walkup,-1.0,-1.0,0.09168743088536647
Schuylerville,Coop_Walkup,-1.0,-1.0,0.05116078014926384
Woodlawn,Condo_Walkup,-1.0,-1.0,0.030697218304207272
Country Club,Condo_Walkup,-1.0,-1.0,0.06059842130310096
Richmond Hill,Condo_Elevator,-1.0,-1.0,0.09436588299840196
East Flatbush,Condo_Elevator,-1.0,-1.0,0.06969831896861542
Emerson Hill,Condo_Walkup,-1.0,-1.0,-0.20459356238946078
Lower East Side,One_Family,-1.0,-1.0,-0.004751700202838809
Stapleton,Condo_Walkup,-1.0,-1.0,0.027297719180369273
Bushwick,Condo_Walkup,-1.0,-1.0,0.0525303554311457
Glen Oaks,Condo_Walkup,-1.0,-1.0,-0.03263654057765401
Sunset Park,Coop_Elevator,-1.0,-1.0,0.0390943113086219
Little Italy,Three_Family,-1.0,-1.0,0.018050786976313477
Midland Beach,Coop_Elevator,-1.0,-1.0,-0.00712565835894077
Tottenville,Condo_Walkup,-1.0,-1.0,0.10504469394610572
Arrochar,Three_Family,-1.0,-1.0,0.044956199222457194
Bull's Head,Condo_Walkup,-1.0,-1.0,0.11128621092180127
Springfield Gardens,Coop_Walkup,-1.0,-1.0,0.1055898352310133
Arden Heights,Three_Family,-1.0,-1.0,0.06723110312505286
Civic Center,Coop_Walkup,-1.0,-1.0,0.03976063845390801
Concourse,Coop_Walkup,-1.0,-1.0,0.05993059553660378
Manhattan Beach,Condo_Walkup,-1.0,-1.0,-0.03265310513185619
Mount Eden,Condo_Elevator,-1.0,-1.0,0.0777939775601612
College Point,Coop_Elevator,-1.0,-1.0,0.037394088708819426
Tompkinsville,Coop_Walkup,-1.0,-1.0,0.025184666449019066
Chinatown,Coop_Elevator,-1.0,-1.0,0.011260975910186637
Hunts Point,Coop_Elevator,-1.0,-1.0,0.11556818083813235
Kensington,Condo_Walkup,-1.0,-1.0,0.11883741310490539
Maspeth,Condo_Elevator,-1.0,-1.0,0.06099047638728066
Cambria Heights,Coop_Walkup,-1.0,-1.0,0.08538724315478305
Chinatown,Condo_Walkup,-1.0,-1.0,0.011260975910186637
Emerson Hill,Three_Family,-1.0,-1.0,-0.20459356238946078
Mariners Harbor,Coop_Elevator,-1.0,-1.0,0.03346490208311585
Tribeca,Two_Family,-1.0,-1.0,0.14159930613502456
Hollis,Condo_Walkup,-1.0,-1.0,0.10005639145879533
Castleton Corners,Coop_Elevator,-1.0,-1.0,0.06698463318028718
Flushing Meadows Corona Park,One_Family,-1.0,-1.0,0.04412079148921257
Tottenville,Three_Family,-1.0,-1.0,0.10504469394610572
Little Neck,Condo_Elevator,-1.0,-1.0,0.08118418194676666
Arden Heights,Condo_Elevator,-1.0,-1.0,0.06723110312505286
St. George,Coop_Walkup,-1.0,-1.0,0.0031578641566440283
Lower East Side,Three_Family,-1.0,-1.0,-0.004751700202838809
Flatiron District,Condo_Walkup,-1.0,-1.0,0.027618140241775467
Mill Basin,Coop_Walkup,-1.0,-1.0,0.04243080963492472
New Springville,Coop_Elevator,-1.0,-1.0,0.09168743088536647
Woodlawn,Condo_Elevator,-1.0,-1.0,0.030697218304207272
West Brighton,Coop_Elevator,-1.0,-1.0,0.07992624773935651
Jamaica Hills,Coop_Walkup,-1.0,-1.0,0.17131050497002387
Huguenot,Condo_Walkup,-1.0,-1.0,0.06367185651953475
Navy Yard,Coop_Walkup,-1.0,-1.0,0.02197253480843639
Chinatown,Three_Family,-1.0,-1.0,0.011260975910186637
Morris Park,Coop_Walkup,-1.0,-1.0,0.023481499060199095
Stapleton,Condo_Elevator,-1.0,-1.0,0.027297719180369273
East Village,One_Family,-1.0,-1.0,-0.18105207962978578
Oakwood,Condo_Walkup,-1.0,-1.0,0.03436237534936179
Norwood,Condo_Elevator,-1.0,-1.0,0.05567687755417711
Pleasant Plains,Three_Family,-1.0,-1.0,0.0864761510589705
Tottenville,Condo_Elevator,-1.0,-1.0,0.10504469394610572
Mill Basin,Condo_Elevator,-1.0,-1.0,0.04243080963492472
Williamsbridge,Coop_Walkup,-1.0,-1.0,0.048037607822368926
