neighborhood,building_type,price,rank,score
SoHo,One_Family,1.30E+07,100,0.2210304856
SoHo,Two_Family,1.79E+07,100,0.2210304856
SoHo,Condos-Elevator,4506868.913,100,0.2210304856
SoHo,Coops-Walkup,1159460.41,100,0.2210304856
SoHo,Condos-Walkup,1222500,100,0.2210304856
SoHo,Coops-Elevator,3234975.339,100,0.2210304856
Longwood,Coops-Walkup,125000,95.13943174,0.1968987819
Longwood,One_Family,844825.2593,95.13943174,0.1968987819
Longwood,Coops-Elevator,163725,95.13943174,0.1968987819
Longwood,Two_Family,414900.1154,95.13943174,0.1968987819
Longwood,Three_Family,517300.5781,95.13943174,0.1968987819
Longwood,Condos-Elevator,230750,95.13943174,0.1968987819
Longwood,Condos-Walkup,169073.1429,95.13943174,0.1968987819
Murray Hill,Coops-Walkup,465000,95.09123232,0.1966594819
Murray Hill,Condos-Elevator,1616139.845,95.09123232,0.1966594819
Murray Hill,Coops-Elevator,751072.1055,95.09123232,0.1966594819
Murray Hill,Two_Family,7750000,95.09123232,0.1966594819
Murray Hill,One_Family,5660000,95.09123232,0.1966594819
Tribeca,Condos-Elevator,3299689.045,91.5668458,0.1791616407
Tribeca,Coops-Elevator,2820301.636,91.5668458,0.1791616407
Tribeca,One_Family,1.80E+07,91.5668458,0.1791616407
Tribeca,Coops-Walkup,2047500,91.5668458,0.1791616407
Jamaica Hills,Two_Family,819980.381,88.8960606,0.1659017514
Jamaica Hills,Three_Family,1068000,88.8960606,0.1659017514
Jamaica Hills,One_Family,647667.2143,88.8960606,0.1659017514
Jamaica Hills,Coops-Elevator,157415.3333,88.8960606,0.1659017514
Sea Gate,One_Family,854977.1429,85.84259082,0.1507419133
Sea Gate,Three_Family,770281.3333,85.84259082,0.1507419133
Sea Gate,Two_Family,612050,85.84259082,0.1507419133
Morrisania,One_Family,844825.2593,85.67416887,0.1499057336
Morrisania,Coops-Elevator,163725,85.67416887,0.1499057336
Morrisania,Condos-Elevator,230750,85.67416887,0.1499057336
Morrisania,Two_Family,414900.1154,85.67416887,0.1499057336
Morrisania,Three_Family,517300.5781,85.67416887,0.1499057336
Morrisania,Coops-Walkup,125000,85.67416887,0.1499057336
Morrisania,Condos-Walkup,169073.1429,85.67416887,0.1499057336
Washington Heights,Two_Family,1472992,84.84666949,0.1457973725
Washington Heights,Condos-Elevator,626706.9333,84.84666949,0.1457973725
Washington Heights,Coops-Walkup,518725.8571,84.84666949,0.1457973725
Washington Heights,One_Family,1560000,84.84666949,0.1457973725
Washington Heights,Coops-Elevator,617132.3396,84.84666949,0.1457973725
Washington Heights,Three_Family,816425,84.84666949,0.1457973725
Gramercy,Condos-Elevator,2435254.632,83.92450555,0.1412190215
Gramercy,Coops-Walkup,1190526.923,83.92450555,0.1412190215
Gramercy,Three_Family,1.35E+07,83.92450555,0.1412190215
Gramercy,Coops-Elevator,1075797.378,83.92450555,0.1412190215
Gramercy,Two_Family,5333333.333,83.92450555,0.1412190215
Coney Island,Condos-Elevator,520594.5946,82.76352428,0.1354549926
Coney Island,Two_Family,527827.8333,82.76352428,0.1354549926
Coney Island,Coops-Elevator,359473.1613,82.76352428,0.1354549926
Coney Island,One_Family,513640,82.76352428,0.1354549926
Coney Island,Three_Family,921864.6,82.76352428,0.1354549926
Kensington,Coops-Elevator,512179.5763,81.77190151,0.1305317932
Kensington,Condos-Elevator,881145.7143,81.77190151,0.1305317932
Kensington,Two_Family,1340190.476,81.77190151,0.1305317932
Kensington,One_Family,1110000,81.77190151,0.1305317932
Kensington,Coops-Walkup,472936.75,81.77190151,0.1305317932
Kensington,Three_Family,1340571.429,81.77190151,0.1305317932
Bull's Head,Three_Family,696000,80.60188837,0.1247229229
Bull's Head,Two_Family,597487.6364,80.60188837,0.1247229229
Bull's Head,One_Family,449686.9027,80.60188837,0.1247229229
Brownsville,One_Family,376680.8,80.46352207,0.1240359632
Brownsville,Two_Family,538419.0652,80.46352207,0.1240359632
Brownsville,Three_Family,676071.4286,80.46352207,0.1240359632
Bensonhurst,Coops-Walkup,230000,79.50307212,0.1192675303
Bensonhurst,Two_Family,1190609.636,79.50307212,0.1192675303
Bensonhurst,Coops-Elevator,255041.6667,79.50307212,0.1192675303
Bensonhurst,Three_Family,1405388.184,79.50307212,0.1192675303
Bensonhurst,One_Family,1014694.048,79.50307212,0.1192675303
Bensonhurst,Condos-Elevator,601687.4348,79.50307212,0.1192675303
Bensonhurst,Condos-Walkup,563333.3333,79.50307212,0.1192675303
Fort Greene,Condos-Walkup,1061990,79.43693672,0.1189391819
Fort Greene,Three_Family,2422750,79.43693672,0.1189391819
Fort Greene,Condos-Elevator,1213623.303,79.43693672,0.1189391819
Fort Greene,One_Family,2846008,79.43693672,0.1189391819
Fort Greene,Two_Family,2796399.625,79.43693672,0.1189391819
Fort Greene,Coops-Walkup,903818.1818,79.43693672,0.1189391819
Fort Greene,Coops-Elevator,664414.3714,79.43693672,0.1189391819
Marine Park,One_Family,630944.755,79.31287642,0.1183232485
Marine Park,Three_Family,1060000,79.31287642,0.1183232485
Marine Park,Two_Family,697782.4878,79.31287642,0.1183232485
Marine Park,Coops-Elevator,166433.4186,79.31287642,0.1183232485
Marine Park,Coops-Walkup,195000,79.31287642,0.1183232485
Willowbrook,Two_Family,732188.8889,79.27583273,0.1181393343
Willowbrook,One_Family,581023.3378,79.27583273,0.1181393343
Mott Haven,One_Family,545375,79.26339696,0.1180775933
Mott Haven,Condos-Walkup,765000,79.26339696,0.1180775933
Mott Haven,Two_Family,593570.8235,79.26339696,0.1180775933
Mott Haven,Coops-Walkup,107000,79.26339696,0.1180775933
Mott Haven,Three_Family,589782.4545,79.26339696,0.1180775933
Hunts Point,One_Family,390000,78.79661566,0.1157601219
Hunts Point,Two_Family,432813.3333,78.79661566,0.1157601219
Hunts Point,Three_Family,550312.5,78.79661566,0.1157601219
Tremont,Three_Family,581695.24,78.71948508,0.1153771847
Tremont,One_Family,476687.5,78.71948508,0.1153771847
Tremont,Condos-Elevator,270000,78.71948508,0.1153771847
Tremont,Coops-Walkup,556666.6667,78.71948508,0.1153771847
Tremont,Two_Family,467523.8095,78.71948508,0.1153771847
Tremont,Condos-Walkup,199000,78.71948508,0.1153771847
Rossville,One_Family,484657.0727,78.69000243,0.1152308095
Rossville,Two_Family,821866.1935,78.69000243,0.1152308095
Tottenville,One_Family,710891.41,78.64920448,0.1150282563
Tottenville,Two_Family,791008.3265,78.64920448,0.1150282563
Springfield Gardens,Three_Family,716666.6667,78.03047077,0.1119563729
Springfield Gardens,One_Family,412733.5021,78.03047077,0.1119563729
Springfield Gardens,Two_Family,559585.6466,78.03047077,0.1119563729
Kew Gardens,Three_Family,910977.6,78.02797165,0.1119439653
Kew Gardens,Two_Family,1038436.25,78.02797165,0.1119439653
Kew Gardens,One_Family,880431.1613,78.02797165,0.1119439653
Kew Gardens,Coops-Walkup,285000,78.02797165,0.1119439653
Kew Gardens,Condos-Elevator,440466.8421,78.02797165,0.1119439653
Kew Gardens,Condos-Walkup,351500,78.02797165,0.1119439653
Kew Gardens,Coops-Elevator,259116.6714,78.02797165,0.1119439653
Inwood,Coops-Walkup,355000,77.76253555,0.1106261307
Inwood,Coops-Elevator,2532183.75,77.76253555,0.1106261307
Inwood,Two_Family,801225,77.76253555,0.1106261307
Inwood,Condos-Elevator,362125,77.76253555,0.1106261307
Inwood,One_Family,636250,77.76253555,0.1106261307
Jamaica,Three_Family,641158.0938,77.39121625,0.1087826081
Jamaica,Two_Family,583978.4929,77.39121625,0.1087826081
Jamaica,Coops-Elevator,153937.4,77.39121625,0.1087826081
Jamaica,Condos-Walkup,405600,77.39121625,0.1087826081
Jamaica,One_Family,379630.5,77.39121625,0.1087826081
Jamaica,Condos-Elevator,421333.3333,77.39121625,0.1087826081
Belmont,Two_Family,563472.2222,77.10060287,0.1073397735
Belmont,One_Family,351000,77.10060287,0.1073397735
Belmont,Coops-Walkup,1150000,77.10060287,0.1073397735
Belmont,Three_Family,669888.6364,77.10060287,0.1073397735
Crotona Park,One_Family,320416.4286,76.84181519,0.1060549469
Crotona Park,Two_Family,518380.8125,76.84181519,0.1060549469
Crotona Park,Three_Family,543875,76.84181519,0.1060549469
Dongan Hills,Three_Family,742000,76.48005252,0.104258871
Dongan Hills,One_Family,614602.6579,76.48005252,0.104258871
Dongan Hills,Condos-Walkup,207000,76.48005252,0.104258871
Dongan Hills,Two_Family,743439.2381,76.48005252,0.104258871
Dongan Hills,Coops-Elevator,205000,76.48005252,0.104258871
Harlem,Two_Family,2374791.304,75.72497974,0.1005100927
Harlem,One_Family,2453575.882,75.72497974,0.1005100927
Harlem,Condos-Walkup,835662.2727,75.72497974,0.1005100927
Harlem,Coops-Elevator,466303.4524,75.72497974,0.1005100927
Harlem,Three_Family,2602164.063,75.72497974,0.1005100927
Harlem,Condos-Elevator,1064296.851,75.72497974,0.1005100927
Harlem,Coops-Walkup,1673967.391,75.72497974,0.1005100927
New Springville,Condos-Elevator,267832.4324,75.64672462,0.1001215724
New Springville,One_Family,512213.875,75.64672462,0.1001215724
New Springville,Three_Family,737000,75.64672462,0.1001215724
New Springville,Two_Family,705207.386,75.64672462,0.1001215724
New Springville,Condos-Walkup,816278.5714,75.64672462,0.1001215724
West Brighton,Two_Family,519218.6349,75.16197678,0.09771490088
West Brighton,Three_Family,548750,75.16197678,0.09771490088
West Brighton,Coops-Walkup,150666.6667,75.16197678,0.09771490088
West Brighton,Condos-Elevator,182333.3333,75.16197678,0.09771490088
West Brighton,One_Family,416968.8142,75.16197678,0.09771490088
Cambria Heights,Two_Family,521085.7143,75.13012862,0.09755678143
Cambria Heights,One_Family,439711.2589,75.13012862,0.09755678143
Floral Park,Coops-Walkup,217200,75.02490869,0.09703438653
Floral Park,Three_Family,980000,75.02490869,0.09703438653
Floral Park,One_Family,637852.7699,75.02490869,0.09703438653
Floral Park,Two_Family,819100,75.02490869,0.09703438653
Richmond Hill,Two_Family,618194.319,74.96127524,0.09671845976
Richmond Hill,One_Family,486387.6875,74.96127524,0.09671845976
Richmond Hill,Three_Family,716548.7917,74.96127524,0.09671845976
Richmond Hill,Coops-Elevator,129250,74.96127524,0.09671845976
Elmhurst,Coops-Walkup,200000,74.78571232,0.09584682661
Elmhurst,Condos-Walkup,417500,74.78571232,0.09584682661
Elmhurst,One_Family,735309.2727,74.78571232,0.09584682661
Elmhurst,Three_Family,1200085.106,74.78571232,0.09584682661
Elmhurst,Condos-Elevator,472210.2029,74.78571232,0.09584682661
Elmhurst,Coops-Elevator,393435.9196,74.78571232,0.09584682661
Elmhurst,Two_Family,978542.6022,74.78571232,0.09584682661
Long Island City,Two_Family,1457185.545,74.6863887,0.09535370565
Long Island City,Coops-Elevator,610224.1379,74.6863887,0.09535370565
Long Island City,Condos-Elevator,1052268.392,74.6863887,0.09535370565
Long Island City,Condos-Walkup,1188500,74.6863887,0.09535370565
Long Island City,Three_Family,2491449.9,74.6863887,0.09535370565
Long Island City,One_Family,948000,74.6863887,0.09535370565
Woodhaven,Two_Family,684046.1371,74.44484219,0.09415447782
Woodhaven,One_Family,516109.7391,74.44484219,0.09415447782
Woodhaven,Three_Family,725187.5,74.44484219,0.09415447782
Woodhaven,Condos-Walkup,351375,74.44484219,0.09415447782
Mount Hope,Two_Family,631112.0909,74.28922383,0.09338186521
Mount Hope,Three_Family,690369.05,74.28922383,0.09338186521
Mount Hope,Coops-Elevator,176633.3333,74.28922383,0.09338186521
Mount Hope,One_Family,578622,74.28922383,0.09338186521
East New York,Condos-Elevator,275675,73.73856112,0.09064794018
East New York,Two_Family,547652.734,73.73856112,0.09064794018
East New York,Three_Family,622032.5309,73.73856112,0.09064794018
East New York,Condos-Walkup,286800,73.73856112,0.09064794018
East New York,One_Family,399679.3465,73.73856112,0.09064794018
Fordham,Three_Family,430200,73.58559513,0.08988849604
Fordham,Coops-Elevator,198100,73.58559513,0.08988849604
Fordham,One_Family,423099.25,73.58559513,0.08988849604
Fordham,Two_Family,679542,73.58559513,0.08988849604
Morris Heights,Coops-Elevator,127275,73.57299315,0.08982592986
Morris Heights,Condos-Elevator,230000,73.57299315,0.08982592986
Morris Heights,One_Family,465807.5,73.57299315,0.08982592986
Morris Heights,Three_Family,571993.6842,73.57299315,0.08982592986
Morris Heights,Two_Family,458264.303,73.57299315,0.08982592986
Flatlands,One_Family,498579.4038,73.5716084,0.08981905487
Flatlands,Two_Family,523561.475,73.5716084,0.08981905487
Flatlands,Coops-Elevator,182021.3636,73.5716084,0.08981905487
Flatlands,Three_Family,835000,73.5716084,0.08981905487
Corona,One_Family,725503.375,73.56659118,0.08979414539
Corona,Coops-Elevator,191427.6316,73.56659118,0.08979414539
Corona,Condos-Elevator,962613.8947,73.56659118,0.08979414539
Corona,Condos-Walkup,439986,73.56659118,0.08979414539
Corona,Two_Family,869627.3398,73.56659118,0.08979414539
Corona,Three_Family,949013.5205,73.56659118,0.08979414539
Castle Hill,One_Family,401593.75,73.03202933,0.08714015774
Castle Hill,Coops-Elevator,140000,73.03202933,0.08714015774
Castle Hill,Three_Family,565630.9524,73.03202933,0.08714015774
Castle Hill,Two_Family,508872.6066,73.03202933,0.08714015774
Bronxdale,Three_Family,650960.5263,72.95552288,0.08676031925
Bronxdale,Coops-Walkup,129500,72.95552288,0.08676031925
Bronxdale,Two_Family,501779.023,72.95552288,0.08676031925
Bronxdale,Condos-Elevator,183710.8,72.95552288,0.08676031925
Bronxdale,Coops-Elevator,163534.5238,72.95552288,0.08676031925
Bronxdale,One_Family,414834.9839,72.95552288,0.08676031925
Rosebank,Condos-Elevator,607400,72.90476636,0.08650832374
Rosebank,Coops-Walkup,210650,72.90476636,0.08650832374
Rosebank,Two_Family,593479.3448,72.90476636,0.08650832374
Rosebank,One_Family,497191.4167,72.90476636,0.08650832374
Rosebank,Condos-Walkup,280687.5,72.90476636,0.08650832374
Rosebank,Three_Family,611093.4,72.90476636,0.08650832374
Borough Park,Condos-Elevator,660680.6923,72.75666784,0.08577304561
Borough Park,Coops-Walkup,466141.3636,72.75666784,0.08577304561
Borough Park,Coops-Elevator,393833.3333,72.75666784,0.08577304561
Borough Park,Three_Family,1422342.971,72.75666784,0.08577304561
Borough Park,Condos-Walkup,664425.8824,72.75666784,0.08577304561
Borough Park,Two_Family,1226727.848,72.75666784,0.08577304561
Borough Park,One_Family,1235072.154,72.75666784,0.08577304561
Bay Terrace,Coops-Walkup,128925,72.55791852,0.08478629686
Bay Terrace,Two_Family,696800,72.55791852,0.08478629686
Bay Terrace,One_Family,514466.36,72.55791852,0.08478629686
Mount Eden,One_Family,578622,72.55137868,0.0847538279
Mount Eden,Coops-Elevator,176633.3333,72.55137868,0.0847538279
Mount Eden,Three_Family,690369.05,72.55137868,0.0847538279
Mount Eden,Two_Family,631112.0909,72.55137868,0.0847538279
Cypress Hills,Two_Family,582075.112,72.52847214,0.08464010174
Cypress Hills,Coops-Elevator,210000,72.52847214,0.08464010174
Cypress Hills,One_Family,470581.5641,72.52847214,0.08464010174
Cypress Hills,Three_Family,621402.871,72.52847214,0.08464010174
Pleasant Plains,One_Family,657320,72.38993763,0.08395230688
Pleasant Plains,Two_Family,878987.1429,72.38993763,0.08395230688
Highbridge,Two_Family,458264.303,72.27328651,0.08337315853
Highbridge,One_Family,465807.5,72.27328651,0.08337315853
Highbridge,Coops-Elevator,127275,72.27328651,0.08337315853
Highbridge,Condos-Elevator,230000,72.27328651,0.08337315853
Highbridge,Three_Family,571993.6842,72.27328651,0.08337315853
New Brighton,Two_Family,470671.1613,72.04710467,0.08225021302
New Brighton,Coops-Elevator,291933.3333,72.04710467,0.08225021302
New Brighton,Three_Family,467500,72.04710467,0.08225021302
New Brighton,One_Family,409625.5741,72.04710467,0.08225021302
Ozone Park,Three_Family,780486.8421,72.02296609,0.08213037005
Ozone Park,One_Family,458326.048,72.02296609,0.08213037005
Ozone Park,Condos-Walkup,150000,72.02296609,0.08213037005
Ozone Park,Two_Family,609339.6416,72.02296609,0.08213037005
Sunnyside,Three_Family,1367277.667,72.01736366,0.08210255514
Sunnyside,One_Family,839916.6667,72.01736366,0.08210255514
Sunnyside,One_Family,589303.5714,72.01736366,0.08210255514
Sunnyside,Coops-Elevator,325226.4189,72.01736366,0.08210255514
Sunnyside,Two_Family,1020226.97,72.01736366,0.08210255514
Sunnyside,Two_Family,644625,72.01736366,0.08210255514
Sunnyside,Coops-Walkup,444000,72.01736366,0.08210255514
Sunnyside,Condos-Elevator,475812.5,72.01736366,0.08210255514
Sunnyside,Condos-Elevator,326000,72.01736366,0.08210255514
Middle Village,Condos-Elevator,459296.6667,71.87373223,0.08138945515
Middle Village,One_Family,724424.169,71.87373223,0.08138945515
Middle Village,Two_Family,873051.4382,71.87373223,0.08138945515
Middle Village,Three_Family,1138071.429,71.87373223,0.08138945515
Middle Village,Coops-Elevator,177000,71.87373223,0.08138945515
Middle Village,Condos-Walkup,511125,71.87373223,0.08138945515
Westerleigh,Two_Family,661207.8182,71.78272595,0.08093762804
Westerleigh,One_Family,515509.7303,71.78272595,0.08093762804
East Flatbush,Coops-Elevator,238766.9048,71.76721394,0.08086061417
East Flatbush,One_Family,549490.6798,71.76721394,0.08086061417
East Flatbush,Condos-Walkup,390833.3333,71.76721394,0.08086061417
East Flatbush,Three_Family,685916,71.76721394,0.08086061417
East Flatbush,Two_Family,591332.7515,71.76721394,0.08086061417
Melrose,Three_Family,574487.3684,71.67394108,0.08039753393
Melrose,Two_Family,405042.5,71.67394108,0.08039753393
Melrose,Coops-Elevator,272654.8714,71.67394108,0.08039753393
Melrose,One_Family,387765,71.67394108,0.08039753393
Little Neck,Coops-Walkup,253280.4487,71.64617965,0.08025970425
Little Neck,Two_Family,1115913.526,71.64617965,0.08025970425
Little Neck,One_Family,944373.0563,71.64617965,0.08025970425
Little Neck,Coops-Elevator,206500,71.64617965,0.08025970425
Little Neck,Three_Family,1147000,71.64617965,0.08025970425
Windsor Terrace,Two_Family,1727494.179,71.41553263,0.0791145901
Windsor Terrace,Condos-Elevator,759110.3636,71.41553263,0.0791145901
Windsor Terrace,Three_Family,2071666.667,71.41553263,0.0791145901
Windsor Terrace,Coops-Walkup,763746.7273,71.41553263,0.0791145901
Windsor Terrace,Condos-Walkup,967558.6,71.41553263,0.0791145901
Windsor Terrace,One_Family,1559947.059,71.41553263,0.0791145901
Windsor Terrace,Coops-Elevator,608080.8889,71.41553263,0.0791145901
Parkchester,Two_Family,511815.6522,71.37910851,0.07893375195
Parkchester,Condos-Elevator,142442.1504,71.37910851,0.07893375195
Parkchester,One_Family,442176.2,71.37910851,0.07893375195
Parkchester,Three_Family,550968.6552,71.37910851,0.07893375195
Parkchester,Coops-Elevator,153966.6667,71.37910851,0.07893375195
Maspeth,One_Family,666824.026,71.36595022,0.07886842381
Maspeth,Coops-Elevator,265794.4,71.36595022,0.07886842381
Maspeth,Three_Family,1110711.429,71.36595022,0.07886842381
Maspeth,Two_Family,771090.4444,71.36595022,0.07886842381
Flushing,One_Family,872460.4581,71.11849948,0.07763988271
Flushing,Condos-Elevator,850878.467,71.11849948,0.07763988271
Flushing,Two_Family,1094324.536,71.11849948,0.07763988271
Flushing,Coops-Walkup,237535.9683,71.11849948,0.07763988271
Flushing,Condos-Walkup,443716.8293,71.11849948,0.07763988271
Flushing,Coops-Elevator,268795.204,71.11849948,0.07763988271
Flushing,Three_Family,1236349.387,71.11849948,0.07763988271
Hollis,Three_Family,612833.3333,70.92064188,0.07665756115
Hollis,Coops-Elevator,145000,70.92064188,0.07665756115
Hollis,Two_Family,545862.7231,70.92064188,0.07665756115
Hollis,One_Family,444656.0963,70.92064188,0.07665756115
Crown Heights,Condos-Elevator,874607.8,70.89745458,0.07654244106
Crown Heights,One_Family,1256621.568,70.89745458,0.07654244106
Crown Heights,Coops-Elevator,491384.6154,70.89745458,0.07654244106
Crown Heights,Two_Family,1145462.813,70.89745458,0.07654244106
Crown Heights,Three_Family,1250545.591,70.89745458,0.07654244106
Crown Heights,Condos-Walkup,673230.9535,70.89745458,0.07654244106
Crown Heights,Coops-Walkup,332636.3636,70.89745458,0.07654244106
Country Club,Two_Family,633742.4878,70.33684087,0.07375911136
Country Club,Coops-Elevator,121666.6667,70.33684087,0.07375911136
Country Club,Three_Family,757500,70.33684087,0.07375911136
Country Club,One_Family,499407.4493,70.33684087,0.07375911136
Arden Heights,One_Family,401837.8744,70.24559534,0.07330609643
Arden Heights,Two_Family,612837.125,70.24559534,0.07330609643
Douglaston,One_Family,1125241,69.92463205,0.0717125809
Douglaston,Coops-Elevator,276850.5556,69.92463205,0.0717125809
Douglaston,Coops-Walkup,258457.7273,69.92463205,0.0717125809
Douglaston,Two_Family,1149698.182,69.92463205,0.0717125809
St. Albans,One_Family,404820.4214,69.81682906,0.07117736163
St. Albans,Three_Family,570000,69.81682906,0.07117736163
St. Albans,Two_Family,501750.1485,69.81682906,0.07117736163
Richmondtown,One_Family,785458.5769,69.71504222,0.07067201125
Richmondtown,Two_Family,587600,69.71504222,0.07067201125
Midwood,One_Family,1275085.658,69.70429516,0.07061865433
Midwood,Three_Family,1090138.889,69.70429516,0.07061865433
Midwood,Condos-Elevator,592005.1765,69.70429516,0.07061865433
Midwood,Two_Family,1368325.714,69.70429516,0.07061865433
Midwood,Condos-Walkup,526666.6667,69.70429516,0.07061865433
Midwood,Coops-Elevator,279846.7176,69.70429516,0.07061865433
Hollis Hills,Coops-Elevator,263210,69.69553809,0.07057517735
Hollis Hills,One_Family,904287.0968,69.69553809,0.07057517735
Glendale,Coops-Elevator,228681.8182,69.64508642,0.07032469533
Glendale,Condos-Walkup,317205,69.64508642,0.07032469533
Glendale,Three_Family,925769.2308,69.64508642,0.07032469533
Glendale,Two_Family,790921.1313,69.64508642,0.07032469533
Glendale,One_Family,641640.9121,69.64508642,0.07032469533
Glendale,Condos-Elevator,425000,69.64508642,0.07032469533
Queens Village,Two_Family,570602.2154,69.53594771,0.06978284452
Queens Village,Three_Family,830900,69.53594771,0.06978284452
Queens Village,One_Family,466567.3116,69.53594771,0.06978284452
Queens Village,Coops-Walkup,185825.9216,69.53594771,0.06978284452
Queens Village,Coops-Elevator,155618,69.53594771,0.06978284452
Canarsie,Coops-Walkup,153857.1429,69.33131546,0.06876688825
Canarsie,One_Family,441630.5327,69.33131546,0.06876688825
Canarsie,Condos-Elevator,301750,69.33131546,0.06876688825
Canarsie,Three_Family,606643.7143,69.33131546,0.06876688825
Canarsie,Condos-Walkup,291333.3333,69.33131546,0.06876688825
Canarsie,Two_Family,565419.7419,69.33131546,0.06876688825
Flatbush,Coops-Walkup,429666.6667,69.22228033,0.06822555164
Flatbush,Two_Family,852589.9648,69.22228033,0.06822555164
Flatbush,Condos-Walkup,587071.0714,69.22228033,0.06822555164
Flatbush,Three_Family,824955.3889,69.22228033,0.06822555164
Flatbush,Condos-Elevator,650107.5882,69.22228033,0.06822555164
Flatbush,One_Family,1045875.903,69.22228033,0.06822555164
Flatbush,Coops-Elevator,448854.6379,69.22228033,0.06822555164
Red Hook,One_Family,2440512.211,68.98465909,0.06704581193
Red Hook,Two_Family,1596412.5,68.98465909,0.06704581193
Red Hook,Three_Family,1173604.833,68.98465909,0.06704581193
Norwood,Coops-Elevator,169514.1,68.97156727,0.06698081377
Norwood,Two_Family,487236.5263,68.97156727,0.06698081377
Norwood,Condos-Walkup,185000,68.97156727,0.06698081377
Norwood,Coops-Walkup,110000,68.97156727,0.06698081377
Norwood,Three_Family,627181.25,68.97156727,0.06698081377
Norwood,One_Family,387791.05,68.97156727,0.06698081377
Castleton Corners,Two_Family,616000,68.96210721,0.06693384659
Castleton Corners,One_Family,531550.119,68.96210721,0.06693384659
Williamsbridge,Two_Family,474717.7744,68.75844422,0.06592270247
Williamsbridge,Coops-Elevator,134766.6667,68.75844422,0.06592270247
Williamsbridge,One_Family,356621.7761,68.75844422,0.06592270247
Williamsbridge,Three_Family,596819,68.75844422,0.06592270247
Williamsbridge,Condos-Walkup,147049,68.75844422,0.06592270247
Williamsbridge,Condos-Elevator,187000,68.75844422,0.06592270247
West Village,Coops-Elevator,1282938.077,68.679306,0.06552979778
West Village,Condos-Walkup,1060718.3,68.679306,0.06552979778
West Village,One_Family,9799023.6,68.679306,0.06552979778
West Village,Two_Family,8933750,68.679306,0.06552979778
West Village,Three_Family,1.27E+07,68.679306,0.06552979778
West Village,Condos-Elevator,5479581.787,68.679306,0.06552979778
West Village,Coops-Walkup,1015181.788,68.679306,0.06552979778
Grant City,Two_Family,723885.8333,68.67165194,0.06549179696
Grant City,One_Family,525150.7692,68.67165194,0.06549179696
Grant City,Coops-Walkup,149300,68.67165194,0.06549179696
Grant City,Condos-Elevator,243584.55,68.67165194,0.06549179696
Bay Ridge,Three_Family,1447481,68.54599508,0.06486793699
Bay Ridge,One_Family,1175226.754,68.54599508,0.06486793699
Bay Ridge,Two_Family,1234240.8,68.54599508,0.06486793699
Bay Ridge,Coops-Walkup,326528.7586,68.54599508,0.06486793699
Bay Ridge,Condos-Walkup,850000,68.54599508,0.06486793699
Bay Ridge,Condos-Elevator,829283.4211,68.54599508,0.06486793699
Bay Ridge,Coops-Elevator,368520.815,68.54599508,0.06486793699
Huguenot,Two_Family,815924.9744,68.46156721,0.0644487703
Huguenot,One_Family,684982.4655,68.46156721,0.0644487703
East Elmhurst,Two_Family,782739.0857,68.43928427,0.06433814016
East Elmhurst,One_Family,598203.4444,68.43928427,0.06433814016
East Elmhurst,Three_Family,882308.7647,68.43928427,0.06433814016
Soundview,Two_Family,484936.2692,68.30570954,0.06367496958
Soundview,Condos-Walkup,299875.0909,68.30570954,0.06367496958
Soundview,Three_Family,521921.9016,68.30570954,0.06367496958
Soundview,One_Family,349812.4146,68.30570954,0.06367496958
Soundview,Coops-Elevator,209028.5,68.30570954,0.06367496958
Howard Beach,Two_Family,686379.0784,67.91571172,0.06173871208
Howard Beach,One_Family,573298.9125,67.91571172,0.06173871208
Howard Beach,Condos-Walkup,169445,67.91571172,0.06173871208
Howard Beach,Coops-Walkup,185640.3509,67.91571172,0.06173871208
Howard Beach,Coops-Elevator,188698.3788,67.91571172,0.06173871208
Howard Beach,Condos-Elevator,244462.878,67.91571172,0.06173871208
Howard Beach,Three_Family,735828.5714,67.91571172,0.06173871208
Rosedale,One_Family,438615.9262,67.90419685,0.06168154314
Rosedale,Two_Family,602345.9357,67.90419685,0.06168154314
Rosedale,Three_Family,549750,67.90419685,0.06168154314
New Dorp,Coops-Walkup,271333.3333,67.82794865,0.06130298677
New Dorp,Two_Family,616127.75,67.82794865,0.06130298677
New Dorp,One_Family,546028.3974,67.82794865,0.06130298677
Concourse,Two_Family,405042.5,67.68351457,0.06058590183
Concourse,One_Family,387765,67.68351457,0.06058590183
Concourse,Coops-Elevator,272654.8714,67.68351457,0.06058590183
Concourse,Three_Family,574487.3684,67.68351457,0.06058590183
Ridgewood,One_Family,739904.7619,67.42263833,0.05929070594
Ridgewood,Condos-Walkup,487574.6667,67.42263833,0.05929070594
Ridgewood,Three_Family,1007582.069,67.42263833,0.05929070594
Ridgewood,Condos-Elevator,490683.2143,67.42263833,0.05929070594
Ridgewood,Two_Family,912973.9041,67.42263833,0.05929070594
Jackson Heights,Coops-Elevator,346451.5348,67.39089306,0.05913309731
Jackson Heights,Condos-Elevator,487426.0238,67.39089306,0.05913309731
Jackson Heights,Condos-Walkup,399750,67.39089306,0.05913309731
Jackson Heights,Coops-Walkup,502603.2609,67.39089306,0.05913309731
Jackson Heights,One_Family,769952.473,67.39089306,0.05913309731
Jackson Heights,Two_Family,848036.3367,67.39089306,0.05913309731
Jackson Heights,Three_Family,1085880.459,67.39089306,0.05913309731
Bushwick,Condos-Elevator,567648.0833,67.37607165,0.05905951208
Bushwick,One_Family,913130.7692,67.37607165,0.05905951208
Bushwick,Three_Family,1010492.803,67.37607165,0.05905951208
Bushwick,Two_Family,989948.3933,67.37607165,0.05905951208
Bushwick,Coops-Walkup,328000,67.37607165,0.05905951208
Bayside,Coops-Walkup,265187.6,67.37109252,0.05903479175
Bayside,Condos-Elevator,631803.8772,67.37109252,0.05903479175
Bayside,Coops-Elevator,589072.7379,67.37109252,0.05903479175
Bayside,Condos-Walkup,410000,67.37109252,0.05903479175
Bayside,Two_Family,1076270.584,67.37109252,0.05903479175
Bayside,Three_Family,1115585.818,67.37109252,0.05903479175
Bayside,One_Family,873711.4545,67.37109252,0.05903479175
Great Kills,Condos-Elevator,404857.1429,67.16250002,0.05799917366
Great Kills,Two_Family,641037.9787,67.16250002,0.05799917366
Great Kills,One_Family,508936.8582,67.16250002,0.05799917366
Great Kills,Coops-Walkup,170000,67.16250002,0.05799917366
Great Kills,Three_Family,578671,67.16250002,0.05799917366
Great Kills,Condos-Walkup,228826,67.16250002,0.05799917366
Schuylerville,Coops-Elevator,127369.2308,66.91287698,0.05675984752
Schuylerville,One_Family,413650.6,66.91287698,0.05675984752
Schuylerville,Two_Family,545249.1408,66.91287698,0.05675984752
Schuylerville,Condos-Elevator,212500,66.91287698,0.05675984752
Schuylerville,Three_Family,689533,66.91287698,0.05675984752
Sheepshead Bay,Condos-Elevator,785363.9298,66.86245648,0.05650952032
Sheepshead Bay,Three_Family,1129705.882,66.86245648,0.05650952032
Sheepshead Bay,One_Family,641150.3506,66.86245648,0.05650952032
Sheepshead Bay,Condos-Walkup,276032.6667,66.86245648,0.05650952032
Sheepshead Bay,Coops-Walkup,169125,66.86245648,0.05650952032
Sheepshead Bay,Coops-Elevator,243759.8595,66.86245648,0.05650952032
Sheepshead Bay,Two_Family,870417.6,66.86245648,0.05650952032
Eltingville,Two_Family,668223.6667,66.77584844,0.05607952951
Eltingville,One_Family,517844.7632,66.77584844,0.05607952951
Brighton Beach,Condos-Elevator,806109.7765,66.63033999,0.05535711054
Brighton Beach,Coops-Walkup,224125,66.63033999,0.05535711054
Brighton Beach,Condos-Walkup,519000,66.63033999,0.05535711054
Brighton Beach,One_Family,541825.7,66.63033999,0.05535711054
Brighton Beach,Three_Family,796538.4615,66.63033999,0.05535711054
Brighton Beach,Two_Family,654175.125,66.63033999,0.05535711054
Brighton Beach,Coops-Elevator,360473.2895,66.63033999,0.05535711054
Sunset Park,Condos-Elevator,551192.25,66.53683911,0.05489289824
Sunset Park,Two_Family,1158263.261,66.53683911,0.05489289824
Sunset Park,Three_Family,1280207.241,66.53683911,0.05489289824
Sunset Park,Coops-Walkup,481183.7917,66.53683911,0.05489289824
Sunset Park,Condos-Walkup,847375,66.53683911,0.05489289824
Sunset Park,One_Family,1384499.833,66.53683911,0.05489289824
Bellerose,One_Family,588311.5702,66.36697789,0.05404957287
Bellerose,Three_Family,778250,66.36697789,0.05404957287
Bellerose,Two_Family,673973.6842,66.36697789,0.05404957287
Van Nest,Two_Family,541988.1209,66.29977374,0.05371591834
Van Nest,One_Family,439195.8667,66.29977374,0.05371591834
Van Nest,Coops-Elevator,167787.8571,66.29977374,0.05371591834
Van Nest,Three_Family,581498.5152,66.29977374,0.05371591834
Cobble Hill,One_Family,2534200,66.14822748,0.05296352286
Cobble Hill,Three_Family,3367448,66.14822748,0.05296352286
Cobble Hill,Coops-Walkup,997321.4286,66.14822748,0.05296352286
Cobble Hill,Condos-Walkup,899069.52,66.14822748,0.05296352286
Cobble Hill,Coops-Elevator,660250,66.14822748,0.05296352286
Cobble Hill,Two_Family,3951272.727,66.14822748,0.05296352286
Cobble Hill,Condos-Elevator,1311222.222,66.14822748,0.05296352286
Bath Beach,Coops-Walkup,292069.7895,66.09024232,0.05267563869
Bath Beach,Coops-Elevator,278500,66.09024232,0.05267563869
Bath Beach,One_Family,915200,66.09024232,0.05267563869
Bath Beach,Three_Family,1240588.524,66.09024232,0.05267563869
Bath Beach,Two_Family,1150971.793,66.09024232,0.05267563869
Bath Beach,Condos-Walkup,643600,66.09024232,0.05267563869
Bath Beach,Condos-Elevator,538333.3333,66.09024232,0.05267563869
College Point,Three_Family,944925.1818,66.08755755,0.05266230937
College Point,Two_Family,903011.479,66.08755755,0.05266230937
College Point,Condos-Elevator,560000,66.08755755,0.05266230937
College Point,One_Family,732326.7349,66.08755755,0.05266230937
College Point,Condos-Walkup,307500,66.08755755,0.05266230937
Baychester,Three_Family,575538.75,66.0075956,0.05226531503
Baychester,Two_Family,495201.1395,66.0075956,0.05226531503
Baychester,Coops-Elevator,133250,66.0075956,0.05226531503
Baychester,One_Family,366565.8065,66.0075956,0.05226531503
Unionport,Two_Family,508872.6066,65.91628393,0.05181197173
Unionport,One_Family,401593.75,65.91628393,0.05181197173
Unionport,Coops-Elevator,140000,65.91628393,0.05181197173
Unionport,Three_Family,565630.9524,65.91628393,0.05181197173
Gravesend,One_Family,791131.451,65.55246572,0.05000569046
Gravesend,Coops-Walkup,120000,65.55246572,0.05000569046
Gravesend,Two_Family,964164.6723,65.55246572,0.05000569046
Gravesend,Coops-Elevator,304185.6667,65.55246572,0.05000569046
Gravesend,Condos-Walkup,630000,65.55246572,0.05000569046
Gravesend,Condos-Elevator,565782.625,65.55246572,0.05000569046
Gravesend,Three_Family,1190666.706,65.55246572,0.05000569046
Far Rockaway,Condos-Elevator,256500,65.19968032,0.04825418483
Far Rockaway,Three_Family,456704.3902,65.19968032,0.04825418483
Far Rockaway,Coops-Elevator,132666.6667,65.19968032,0.04825418483
Far Rockaway,Two_Family,449323.7426,65.19968032,0.04825418483
Far Rockaway,One_Family,561263.7442,65.19968032,0.04825418483
Gowanus,Coops-Walkup,484000,65.1147094,0.04783232201
Gowanus,Condos-Elevator,1712148.912,65.1147094,0.04783232201
Gowanus,Two_Family,1730666.667,65.1147094,0.04783232201
Gowanus,Condos-Walkup,1615000,65.1147094,0.04783232201
Gowanus,Three_Family,1938111.111,65.1147094,0.04783232201
Gowanus,One_Family,1917533.667,65.1147094,0.04783232201
Woodlawn,Two_Family,565606.4286,64.6136452,0.04534464315
Woodlawn,Coops-Elevator,157563.16,64.6136452,0.04534464315
Woodlawn,Three_Family,633000,64.6136452,0.04534464315
Woodlawn,One_Family,489551.4444,64.6136452,0.04534464315
Whitestone,Coops-Elevator,232000,64.59730385,0.04526351179
Whitestone,Three_Family,1184250,64.59730385,0.04526351179
Whitestone,Coops-Walkup,246748.2353,64.59730385,0.04526351179
Whitestone,One_Family,965130.7545,64.59730385,0.04526351179
Whitestone,Two_Family,1121610.725,64.59730385,0.04526351179
Whitestone,Condos-Walkup,471642.6,64.59730385,0.04526351179
Kingsbridge,One_Family,553637.5,64.42785439,0.04442223067
Kingsbridge,Condos-Elevator,568953.3333,64.42785439,0.04442223067
Kingsbridge,Two_Family,579416.6667,64.42785439,0.04442223067
Kingsbridge,Three_Family,643338.8889,64.42785439,0.04442223067
Kingsbridge,Coops-Elevator,195308.9333,64.42785439,0.04442223067
Kingsbridge,Condos-Walkup,262000,64.42785439,0.04442223067
Wakefield,One_Family,370362.1731,64.40004942,0.04428418483
Wakefield,Two_Family,522157.2921,64.40004942,0.04428418483
Wakefield,Three_Family,499792.6,64.40004942,0.04428418483
Dyker Heights,Three_Family,1358523.81,64.22203807,0.04340039578
Dyker Heights,One_Family,1000379.85,64.22203807,0.04340039578
Dyker Heights,Condos-Elevator,480000,64.22203807,0.04340039578
Dyker Heights,Two_Family,1164507.843,64.22203807,0.04340039578
Arrochar,Two_Family,594857.1429,64.2060572,0.04332105409
Arrochar,One_Family,555281.5238,64.2060572,0.04332105409
Clinton Hill,Condos-Walkup,955253.5714,64.0529701,0.04256100867
Clinton Hill,Coops-Elevator,643731.2524,64.0529701,0.04256100867
Clinton Hill,Coops-Walkup,914140,64.0529701,0.04256100867
Clinton Hill,Three_Family,2178756.385,64.0529701,0.04256100867
Clinton Hill,Two_Family,2119457.75,64.0529701,0.04256100867
Clinton Hill,One_Family,2632984.6,64.0529701,0.04256100867
Clinton Hill,Condos-Elevator,912219.4409,64.0529701,0.04256100867
Greenpoint,Coops-Walkup,406249.75,63.66463348,0.04063299867
Greenpoint,One_Family,2102142.857,63.66463348,0.04063299867
Greenpoint,Coops-Elevator,569722.1667,63.66463348,0.04063299867
Greenpoint,Two_Family,1652676.977,63.66463348,0.04063299867
Greenpoint,Three_Family,1797500,63.66463348,0.04063299867
Greenpoint,Condos-Elevator,1114205.815,63.66463348,0.04063299867
Greenpoint,Condos-Walkup,891555.5556,63.66463348,0.04063299867
University Heights,One_Family,448833.3333,63.51156232,0.03987303243
University Heights,Coops-Elevator,163155.3529,63.51156232,0.03987303243
University Heights,Two_Family,475700,63.51156232,0.03987303243
University Heights,Three_Family,532619.5714,63.51156232,0.03987303243
Pelham Gardens,Three_Family,673100,63.48077003,0.03972015514
Pelham Gardens,Two_Family,581083.3333,63.48077003,0.03972015514
Pelham Gardens,One_Family,517634.1765,63.48077003,0.03972015514
Port Richmond,One_Family,340880.2143,63.42802357,0.03945828004
Port Richmond,Two_Family,396483.5714,63.42802357,0.03945828004
Throgs Neck,One_Family,403534.4895,63.30377844,0.03884142895
Throgs Neck,Three_Family,570954.5455,63.30377844,0.03884142895
Throgs Neck,Two_Family,555734.534,63.30377844,0.03884142895
Throgs Neck,Condos-Walkup,305469.4444,63.30377844,0.03884142895
South Ozone Park,Three_Family,576583.3333,63.28640398,0.03875516839
South Ozone Park,Two_Family,544062.7815,63.28640398,0.03875516839
South Ozone Park,Condos-Walkup,179000,63.28640398,0.03875516839
South Ozone Park,One_Family,477380.7457,63.28640398,0.03875516839
Oakwood,Two_Family,607233.3333,62.75179319,0.03610093778
Oakwood,One_Family,581370.7,62.75179319,0.03610093778
Mill Basin,One_Family,956507.7619,62.7457395,0.03607088247
Mill Basin,Two_Family,922961.5385,62.7457395,0.03607088247
Mill Basin,Three_Family,700000,62.7457395,0.03607088247
Civic Center,Coops-Elevator,1021795.52,62.70102881,0.03584890325
Civic Center,Condos-Elevator,7218374.69,62.70102881,0.03584890325
Sunnyside,Coops-Walkup,444000,62.39302285,0.03431971816
Sunnyside,One_Family,839916.6667,62.39302285,0.03431971816
Sunnyside,One_Family,589303.5714,62.39302285,0.03431971816
Sunnyside,Three_Family,1367277.667,62.39302285,0.03431971816
Sunnyside,Coops-Elevator,325226.4189,62.39302285,0.03431971816
Sunnyside,Condos-Elevator,475812.5,62.39302285,0.03431971816
Sunnyside,Condos-Elevator,326000,62.39302285,0.03431971816
Sunnyside,Two_Family,1020226.97,62.39302285,0.03431971816
Sunnyside,Two_Family,644625,62.39302285,0.03431971816
Stapleton,One_Family,326632.0263,62.30971489,0.03390611156
Stapleton,Three_Family,490325,62.30971489,0.03390611156
Stapleton,Two_Family,363077.7778,62.30971489,0.03390611156
Flushing Meadows Corona Park,Three_Family,700000,62.1454546,0.03309059362
Flushing Meadows Corona Park,Condos-Elevator,449902,62.1454546,0.03309059362
Flushing Meadows Corona Park,Coops-Elevator,294426.5,62.1454546,0.03309059362
Boerum Hill,Condos-Elevator,1644156.781,62.12331541,0.03298067716
Boerum Hill,Coops-Walkup,922361.2,62.12331541,0.03298067716
Boerum Hill,Coops-Elevator,1178250,62.12331541,0.03298067716
Boerum Hill,Two_Family,3076689.786,62.12331541,0.03298067716
Boerum Hill,One_Family,3712493.727,62.12331541,0.03298067716
Boerum Hill,Condos-Walkup,1347388.889,62.12331541,0.03298067716
Boerum Hill,Three_Family,2821666.667,62.12331541,0.03298067716
Morris Park,One_Family,439195.8667,62.10355785,0.03288258501
Morris Park,Three_Family,581498.5152,62.10355785,0.03288258501
Morris Park,Coops-Elevator,167787.8571,62.10355785,0.03288258501
Morris Park,Two_Family,541988.1209,62.10355785,0.03288258501
Park Slope,Condos-Walkup,686518.122,62.01498071,0.03244281809
Park Slope,One_Family,4569444.444,62.01498071,0.03244281809
Park Slope,Two_Family,3262036.984,62.01498071,0.03244281809
Park Slope,Condos-Elevator,1677375.802,62.01498071,0.03244281809
Park Slope,Three_Family,2554198.769,62.01498071,0.03244281809
Park Slope,Coops-Elevator,1096496.506,62.01498071,0.03244281809
Park Slope,Coops-Walkup,973559.481,62.01498071,0.03244281809
Navy Yard,Three_Family,1150000,61.89390527,0.03184170389
Navy Yard,Condos-Elevator,337029,61.89390527,0.03184170389
Navy Yard,One_Family,2175731.091,61.89390527,0.03184170389
Navy Yard,Two_Family,1050000,61.89390527,0.03184170389
Prospect-Lefferts Gardens,Three_Family,1025000,61.7095909,0.03092662163
Prospect-Lefferts Gardens,One_Family,1509518.519,61.7095909,0.03092662163
Prospect-Lefferts Gardens,Condos-Elevator,682500,61.7095909,0.03092662163
Prospect-Lefferts Gardens,Two_Family,1146567.839,61.7095909,0.03092662163
Prospect-Lefferts Gardens,Coops-Elevator,502320.0345,61.7095909,0.03092662163
Tompkinsville,Condos-Elevator,245083.3333,61.30196779,0.02890285821
Tompkinsville,One_Family,563726.6667,61.30196779,0.02890285821
Tompkinsville,Two_Family,366728.5714,61.30196779,0.02890285821
Riverdale,Three_Family,887250,60.38221926,0.02433649936
Riverdale,Condos-Elevator,651496.5952,60.38221926,0.02433649936
Riverdale,Coops-Elevator,302920.6652,60.38221926,0.02433649936
Riverdale,Coops-Walkup,400312.5,60.38221926,0.02433649936
Riverdale,Two_Family,813200,60.38221926,0.02433649936
Riverdale,Condos-Walkup,578254.6667,60.38221926,0.02433649936
Riverdale,One_Family,1052347.776,60.38221926,0.02433649936
Mariners Harbor,Two_Family,416367.625,60.22005415,0.02353138353
Mariners Harbor,Three_Family,340000,60.22005415,0.02353138353
Mariners Harbor,One_Family,346028.7103,60.22005415,0.02353138353
Kips Bay,Two_Family,5750000,60.17649504,0.02331512164
Kips Bay,Condos-Elevator,1231823.855,60.17649504,0.02331512164
Kips Bay,Three_Family,6650000,60.17649504,0.02331512164
Kips Bay,Coops-Elevator,705911.1351,60.17649504,0.02331512164
Woodside,Three_Family,1043928.571,60.0597662,0.02273558739
Woodside,Condos-Elevator,606343.4211,60.0597662,0.02273558739
Woodside,One_Family,685241.1176,60.0597662,0.02273558739
Woodside,Coops-Walkup,344750,60.0597662,0.02273558739
Woodside,Two_Family,945994.0789,60.0597662,0.02273558739
Woodside,Condos-Walkup,461956.7727,60.0597662,0.02273558739
Woodside,Coops-Elevator,342107.7754,60.0597662,0.02273558739
Carroll Gardens,Three_Family,2549176.471,59.74256359,0.02116074286
Carroll Gardens,Coops-Walkup,979963.2273,59.74256359,0.02116074286
Carroll Gardens,Two_Family,2904615.385,59.74256359,0.02116074286
Carroll Gardens,One_Family,4041000,59.74256359,0.02116074286
Carroll Gardens,Condos-Elevator,1087247.5,59.74256359,0.02116074286
Carroll Gardens,Condos-Walkup,751000,59.74256359,0.02116074286
Flatiron District,Coops-Elevator,1414134.546,59.69302801,0.0209148091
Flatiron District,Coops-Walkup,1250000,59.69302801,0.0209148091
Flatiron District,Condos-Elevator,5015525.336,59.69302801,0.0209148091
Little Italy,Condos-Elevator,4470843.917,58.32826606,0.01413905177
Little Italy,Coops-Elevator,4300000,58.32826606,0.01413905177
Little Italy,One_Family,7090000,58.32826606,0.01413905177
Little Italy,Coops-Walkup,885737.5,58.32826606,0.01413905177
Bedford-Stuyvesant,Three_Family,1367610.483,57.75369504,0.01128642692
Bedford-Stuyvesant,Coops-Walkup,465000,57.75369504,0.01128642692
Bedford-Stuyvesant,One_Family,1010627.417,57.75369504,0.01128642692
Bedford-Stuyvesant,Condos-Walkup,778462.3,57.75369504,0.01128642692
Bedford-Stuyvesant,Condos-Elevator,773984.2588,57.75369504,0.01128642692
Bedford-Stuyvesant,Two_Family,1289481.323,57.75369504,0.01128642692
Co-op City,One_Family,330000,57.24904078,0.00878092422
Chinatown,Condos-Elevator,1231837.492,56.96067343,0.007349240705
Downtown Brooklyn,Coops-Elevator,675655.7692,56.90842714,0.007089848792
Downtown Brooklyn,Three_Family,2025000,56.90842714,0.007089848792
Downtown Brooklyn,Coops-Walkup,808776.6667,56.90842714,0.007089848792
Downtown Brooklyn,Condos-Elevator,1744280.21,56.90842714,0.007089848792
Downtown Brooklyn,One_Family,4002500,56.90842714,0.007089848792
Williamsburg,Coops-Walkup,361992.3077,56.81735499,0.006637694637
Williamsburg,Two_Family,1851935,56.81735499,0.006637694637
Williamsburg,One_Family,2452888.833,56.81735499,0.006637694637
Williamsburg,Three_Family,2066802.839,56.81735499,0.006637694637
Williamsburg,Condos-Walkup,865754.4545,56.81735499,0.006637694637
Williamsburg,Coops-Elevator,515000,56.81735499,0.006637694637
Williamsburg,Condos-Elevator,1121961.983,56.81735499,0.006637694637
Concord,One_Family,351112.2143,56.67585979,0.005935200576
Concord,Two_Family,407230.7692,56.67585979,0.005935200576
St. George,Condos-Elevator,619700,55.95744027,0.002368398117
St. George,Coops-Elevator,319500,55.95744027,0.002368398117
Laurelton,Two_Family,558270.1458,55.68420723,0.001011853257
Laurelton,One_Family,434139.3388,55.68420723,0.001011853257
Laurelton,Coops-Walkup,132879.6875,55.68420723,0.001011853257
Laurelton,Three_Family,406000,55.68420723,0.001011853257
City Island,One_Family,496373.1351,55.00927011,-0.002339068209
City Island,Two_Family,484375,55.00927011,-0.002339068209
City Island,Coops-Walkup,318750,55.00927011,-0.002339068209
Lower East Side,Condos-Walkup,1052111.75,54.46840914,-0.005024329702
Lower East Side,Coops-Elevator,820936.5854,54.46840914,-0.005024329702
Lower East Side,Condos-Elevator,2874084.616,54.46840914,-0.005024329702
Lower East Side,Coops-Walkup,737058.8235,54.46840914,-0.005024329702
Gerritsen Beach,One_Family,437838.1528,53.08512999,-0.01189202102
Gerritsen Beach,Two_Family,502076.5333,53.08512999,-0.01189202102
Westchester Square,One_Family,424994.4444,52.56979201,-0.01445056623
Westchester Square,Three_Family,560727.2727,52.56979201,-0.01445056623
Westchester Square,Coops-Walkup,122414.2857,52.56979201,-0.01445056623
Westchester Square,Two_Family,518158.4792,52.56979201,-0.01445056623
Upper West Side,Coops-Walkup,906356.4519,52.47547179,-0.01491884636
Upper West Side,Two_Family,7969700,52.47547179,-0.01491884636
Upper West Side,One_Family,1.11E+07,52.47547179,-0.01491884636
Upper West Side,Coops-Elevator,1739525.651,52.47547179,-0.01491884636
Upper West Side,Condos-Elevator,2915634.273,52.47547179,-0.01491884636
Upper West Side,Condos-Walkup,821000,52.47547179,-0.01491884636
Upper West Side,Three_Family,7104111.625,52.47547179,-0.01491884636
Midland Beach,Two_Family,649690.6538,51.85473022,-0.01800069827
Midland Beach,One_Family,438637.3595,51.85473022,-0.01800069827
Midland Beach,Three_Family,381414,51.85473022,-0.01800069827
Manhattan Beach,Two_Family,1493343.75,48.8471659,-0.03293262543
Manhattan Beach,Condos-Elevator,865000,48.8471659,-0.03293262543
Manhattan Beach,Three_Family,1382500,48.8471659,-0.03293262543
Manhattan Beach,One_Family,1347004.261,48.8471659,-0.03293262543
Glen Oaks,Coops-Walkup,253540.4897,45.06801961,-0.05169529547
Glen Oaks,Coops-Elevator,553468.7257,45.06801961,-0.05169529547
Glen Oaks,One_Family,619703.7037,45.06801961,-0.05169529547
Glen Oaks,Two_Family,715833.3333,45.06801961,-0.05169529547
Prospect Heights,Three_Family,2852750,42.71486565,-0.06337821217
Prospect Heights,Condos-Elevator,1124879.124,42.71486565,-0.06337821217
Prospect Heights,Condos-Walkup,590570.3333,42.71486565,-0.06337821217
Prospect Heights,Coops-Walkup,647109.7727,42.71486565,-0.06337821217
Prospect Heights,Two_Family,2424750,42.71486565,-0.06337821217
Prospect Heights,Coops-Elevator,878192.3774,42.71486565,-0.06337821217
Prospect Heights,One_Family,2250000,42.71486565,-0.06337821217
Upper East Side,Coops-Elevator,1854023.699,41.74750168,-0.06818097175
Upper East Side,One_Family,9484452.967,41.74750168,-0.06818097175
Upper East Side,Three_Family,3950000,41.74750168,-0.06818097175
Upper East Side,Coops-Walkup,654030.1466,41.74750168,-0.06818097175
Upper East Side,Condos-Elevator,2614432.952,41.74750168,-0.06818097175
Upper East Side,Condos-Walkup,636750,41.74750168,-0.06818097175
Upper East Side,Two_Family,1.04E+07,41.74750168,-0.06818097175
South Slope,Condos-Elevator,1299205.882,39.36050827,-0.08003189426
South Slope,Coops-Walkup,757750.25,39.36050827,-0.08003189426
South Slope,One_Family,1868111.8,39.36050827,-0.08003189426
South Slope,Three_Family,2053078.125,39.36050827,-0.08003189426
South Slope,Two_Family,1933524.679,39.36050827,-0.08003189426
South Slope,Condos-Walkup,1130181.818,39.36050827,-0.08003189426
East Harlem,Coops-Elevator,615500,11.81214931,-0.2168037285
East Harlem,Two_Family,1319700,11.81214931,-0.2168037285
East Harlem,Three_Family,1606666.6,11.81214931,-0.2168037285
East Harlem,Coops-Walkup,243700,11.81214931,-0.2168037285
East Harlem,Condos-Walkup,440750,11.81214931,-0.2168037285
East Harlem,Condos-Elevator,707114.5682,11.81214931,-0.2168037285
East Harlem,One_Family,2137500,11.81214931,-0.2168037285
East Village,Two_Family,3500000,4.087460059,-0.2551551932
East Village,Coops-Elevator,969610.2381,4.087460059,-0.2551551932
East Village,Coops-Walkup,790670.3125,4.087460059,-0.2551551932
East Village,Condos-Elevator,1967130.111,4.087460059,-0.2551551932
Emerson Hill,Two_Family,318500,0,-0.2754485766
Emerson Hill,One_Family,987367.5,0,-0.2754485766
Flatiron District,Condos-Walkup,-1,-1,0.0209148091
Cambria Heights,Condos-Elevator,-1,-1,0.09755678143
Castleton Corners,Coops-Elevator,-1,-1,0.06693384659
Hollis,Coops-Walkup,-1,-1,0.07665756115
Baychester,Condos-Walkup,-1,-1,0.05226531503
Crotona Park,Condos-Walkup,-1,-1,0.1060549469
Gerritsen Beach,Condos-Walkup,-1,-1,-0.01189202102
St. George,Coops-Walkup,-1,-1,0.002368398117
Throgs Neck,Coops-Elevator,-1,-1,0.03884142895
Country Club,Coops-Walkup,-1,-1,0.07375911136
Inwood,Condos-Walkup,-1,-1,0.1106261307
Mott Haven,Condos-Elevator,-1,-1,0.1180775933
Prospect-Lefferts Gardens,Condos-Walkup,-1,-1,0.03092662163
Bay Terrace,Coops-Elevator,-1,-1,0.08478629686
Oakwood,Condos-Walkup,-1,-1,0.03610093778
Bay Terrace,Three_Family,-1,-1,0.08478629686
Hunts Point,Condos-Walkup,-1,-1,0.1157601219
Tribeca,Three_Family,-1,-1,0.1791616407
Brownsville,Condos-Walkup,-1,-1,0.1240359632
Grant City,Coops-Elevator,-1,-1,0.06549179696
New Dorp,Condos-Elevator,-1,-1,0.06130298677
Springfield Gardens,Coops-Walkup,-1,-1,0.1119563729
Willowbrook,Coops-Elevator,-1,-1,0.1181393343
City Island,Condos-Elevator,-1,-1,-0.002339068209
Richmondtown,Coops-Elevator,-1,-1,0.07067201125
Whitestone,Condos-Elevator,-1,-1,0.04526351179
Jamaica,Coops-Walkup,-1,-1,0.1087826081
Van Nest,Condos-Elevator,-1,-1,0.05371591834
Willowbrook,Condos-Walkup,-1,-1,0.1181393343
Belmont,Condos-Elevator,-1,-1,0.1073397735
Bull's Head,Condos-Elevator,-1,-1,0.1247229229
Castleton Corners,Coops-Walkup,-1,-1,0.06693384659
Civic Center,Two_Family,-1,-1,0.03584890325
Melrose,Condos-Walkup,-1,-1,0.08039753393
Dongan Hills,Condos-Elevator,-1,-1,0.104258871
Rosedale,Condos-Walkup,-1,-1,0.06168154314
Sea Gate,Coops-Walkup,-1,-1,0.1507419133
Richmondtown,Three_Family,-1,-1,0.07067201125
Stapleton,Condos-Elevator,-1,-1,0.03390611156
Kips Bay,Coops-Walkup,-1,-1,0.02331512164
Lower East Side,One_Family,-1,-1,-0.005024329702
Rossville,Condos-Elevator,-1,-1,0.1152308095
Arrochar,Coops-Walkup,-1,-1,0.04332105409
Maspeth,Condos-Walkup,-1,-1,0.07886842381
Concord,Coops-Walkup,-1,-1,0.005935200576
Downtown Brooklyn,Condos-Walkup,-1,-1,0.007089848792
Ridgewood,Coops-Walkup,-1,-1,0.05929070594
Tottenville,Coops-Elevator,-1,-1,0.1150282563
Huguenot,Condos-Walkup,-1,-1,0.0644487703
Bronx Park,Coops-Elevator,-1,-1,-0.006822903568
Brownsville,Coops-Walkup,-1,-1,0.1240359632
Dyker Heights,Condos-Walkup,-1,-1,0.04340039578
Pelham Gardens,Condos-Elevator,-1,-1,0.03972015514
Port Richmond,Coops-Elevator,-1,-1,0.03945828004
Hollis Hills,Coops-Walkup,-1,-1,0.07057517735
Mount Hope,Coops-Walkup,-1,-1,0.09338186521
Pleasant Plains,Condos-Elevator,-1,-1,0.08395230688
Springfield Gardens,Coops-Elevator,-1,-1,0.1119563729
Cambria Heights,Three_Family,-1,-1,0.09755678143
East Elmhurst,Coops-Elevator,-1,-1,0.06433814016
Woodhaven,Coops-Walkup,-1,-1,0.09415447782
East Flatbush,Coops-Walkup,-1,-1,0.08086061417
Morris Park,Condos-Walkup,-1,-1,0.03288258501
West Brighton,Coops-Elevator,-1,-1,0.09771490088
Kips Bay,Condos-Walkup,-1,-1,0.02331512164
Tompkinsville,Three_Family,-1,-1,0.02890285821
Woodhaven,Coops-Elevator,-1,-1,0.09415447782
Queens Village,Condos-Elevator,-1,-1,0.06978284452
Rosedale,Coops-Walkup,-1,-1,0.06168154314
Westerleigh,Three_Family,-1,-1,0.08093762804
Arden Heights,Condos-Walkup,-1,-1,0.07330609643
Sea Gate,Condos-Elevator,-1,-1,0.1507419133
Tottenville,Coops-Walkup,-1,-1,0.1150282563
Unionport,Condos-Walkup,-1,-1,0.05181197173
Bellerose,Coops-Walkup,-1,-1,0.05404957287
Little Neck,Condos-Elevator,-1,-1,0.08025970425
City Island,Condos-Walkup,-1,-1,-0.002339068209
Emerson Hill,Three_Family,-1,-1,-0.2754485766
Marine Park,Condos-Elevator,-1,-1,0.1183232485
Tribeca,Two_Family,-1,-1,0.1791616407
Bay Terrace,Condos-Walkup,-1,-1,0.08478629686
Corona,Coops-Walkup,-1,-1,0.08979414539
Emerson Hill,Condos-Elevator,-1,-1,-0.2754485766
Glendale,Coops-Walkup,-1,-1,0.07032469533
Inwood,Three_Family,-1,-1,0.1106261307
Wakefield,Coops-Walkup,-1,-1,0.04428418483
Flushing Meadows Corona Park,Coops-Walkup,-1,-1,0.03309059362
Glen Oaks,Three_Family,-1,-1,-0.05169529547
Morris Park,Condos-Elevator,-1,-1,0.03288258501
Westchester Square,Condos-Walkup,-1,-1,-0.01445056623
Throgs Neck,Condos-Elevator,-1,-1,0.03884142895
Midland Beach,Condos-Walkup,-1,-1,-0.01800069827
Co-op City,Two_Family,-1,-1,0.00878092422
Mill Basin,Coops-Walkup,-1,-1,0.03607088247
Pelham Gardens,Coops-Elevator,-1,-1,0.03972015514
Maspeth,Coops-Walkup,-1,-1,0.07886842381
Castle Hill,Coops-Walkup,-1,-1,0.08714015774
East Village,Condos-Walkup,-1,-1,-0.2551551932
Mill Basin,Coops-Elevator,-1,-1,0.03607088247
Little Italy,Three_Family,-1,-1,0.01413905177
Mill Basin,Condos-Walkup,-1,-1,0.03607088247
New Dorp,Coops-Elevator,-1,-1,0.06130298677
Pleasant Plains,Coops-Walkup,-1,-1,0.08395230688
Dongan Hills,Coops-Walkup,-1,-1,0.104258871
East Village,Three_Family,-1,-1,-0.2551551932
Huguenot,Coops-Elevator,-1,-1,0.0644487703
Richmond Hill,Coops-Walkup,-1,-1,0.09671845976
Cambria Heights,Coops-Elevator,-1,-1,0.09755678143
Eltingville,Coops-Walkup,-1,-1,0.05607952951
Castleton Corners,Condos-Walkup,-1,-1,0.06693384659
Emerson Hill,Condos-Walkup,-1,-1,-0.2754485766
Bloomfield,Condos-Walkup,-1,-1,0.01876180418
Ozone Park,Condos-Elevator,-1,-1,0.08213037005
Springfield Gardens,Condos-Walkup,-1,-1,0.1119563729
Tremont,Coops-Elevator,-1,-1,0.1153771847
Douglaston,Condos-Walkup,-1,-1,0.0717125809
Mount Eden,Coops-Walkup,-1,-1,0.0847538279
Chinatown,Three_Family,-1,-1,0.007349240705
Hollis Hills,Condos-Walkup,-1,-1,0.07057517735
Mount Hope,Condos-Walkup,-1,-1,0.09338186521
Oakwood,Coops-Walkup,-1,-1,0.03610093778
St. George,Three_Family,-1,-1,0.002368398117
Wakefield,Condos-Elevator,-1,-1,0.04428418483
Arrochar,Coops-Elevator,-1,-1,0.04332105409
St. George,Two_Family,-1,-1,0.002368398117
West Brighton,Condos-Walkup,-1,-1,0.09771490088
Soundview,Coops-Walkup,-1,-1,0.06367496958
University Heights,Condos-Elevator,-1,-1,0.03987303243
Bronx Park,One_Family,-1,-1,-0.006822903568
Civic Center,Coops-Walkup,-1,-1,0.03584890325
Concourse,Coops-Walkup,-1,-1,0.06058590183
Civic Center,One_Family,-1,-1,0.03584890325
Flatlands,Coops-Walkup,-1,-1,0.08981905487
Concord,Condos-Elevator,-1,-1,0.005935200576
Hunts Point,Coops-Walkup,-1,-1,0.1157601219
Bronx Park,Condos-Walkup,-1,-1,-0.006822903568
Little Italy,Condos-Walkup,-1,-1,0.01413905177
Mount Eden,Condos-Elevator,-1,-1,0.0847538279
Port Richmond,Condos-Walkup,-1,-1,0.03945828004
Willowbrook,Coops-Walkup,-1,-1,0.1181393343
Arden Heights,Three_Family,-1,-1,0.07330609643
Gramercy,Condos-Walkup,-1,-1,0.1412190215
Navy Yard,Condos-Walkup,-1,-1,0.03184170389
Downtown Brooklyn,Two_Family,-1,-1,0.007089848792
Norwood,Condos-Elevator,-1,-1,0.06698081377
Tottenville,Condos-Elevator,-1,-1,0.1150282563
Co-op City,Condos-Walkup,-1,-1,0.00878092422
Mariners Harbor,Condos-Elevator,-1,-1,0.02353138353
East Elmhurst,Condos-Walkup,-1,-1,0.06433814016
Tompkinsville,Coops-Walkup,-1,-1,0.02890285821
Bellerose,Condos-Walkup,-1,-1,0.05404957287
Huguenot,Condos-Elevator,-1,-1,0.0644487703
Woodlawn,Coops-Walkup,-1,-1,0.04534464315
Bloomfield,Condos-Elevator,-1,-1,0.01876180418
Mount Eden,Condos-Walkup,-1,-1,0.0847538279
Murray Hill,Condos-Walkup,-1,-1,0.1966594819
Fordham,Coops-Walkup,-1,-1,0.08988849604
Woodhaven,Condos-Elevator,-1,-1,0.09415447782
College Point,Coops-Walkup,-1,-1,0.05266230937
Hollis Hills,Three_Family,-1,-1,0.07057517735
Pleasant Plains,Coops-Elevator,-1,-1,0.08395230688
East New York,Coops-Elevator,-1,-1,0.09064794018
St. Albans,Condos-Elevator,-1,-1,0.07117736163
East Village,One_Family,-1,-1,-0.2551551932
Rossville,Coops-Walkup,-1,-1,0.1152308095
Castleton Corners,Condos-Elevator,-1,-1,0.06693384659
Laurelton,Condos-Elevator,-1,-1,0.001011853257
Marine Park,Condos-Walkup,-1,-1,0.1183232485
Castle Hill,Condos-Elevator,-1,-1,0.08714015774
Mariners Harbor,Coops-Walkup,-1,-1,0.02353138353
Eltingville,Condos-Elevator,-1,-1,0.05607952951
Crotona Park,Coops-Elevator,-1,-1,0.1060549469
Gerritsen Beach,Coops-Elevator,-1,-1,-0.01189202102
Westchester Square,Condos-Elevator,-1,-1,-0.01445056623
Co-op City,Three_Family,-1,-1,0.00878092422
Flatlands,Condos-Walkup,-1,-1,0.08981905487
Manhattan Beach,Coops-Elevator,-1,-1,-0.03293262543
Mount Hope,Condos-Elevator,-1,-1,0.09338186521
Bellerose,Coops-Elevator,-1,-1,0.05404957287
Bloomfield,Three_Family,-1,-1,0.01876180418
Eltingville,Condos-Walkup,-1,-1,0.05607952951
Highbridge,Condos-Walkup,-1,-1,0.08337315853
Melrose,Condos-Elevator,-1,-1,0.08039753393
Far Rockaway,Condos-Walkup,-1,-1,0.04825418483
Mott Haven,Coops-Elevator,-1,-1,0.1180775933
Parkchester,Coops-Walkup,-1,-1,0.07893375195
Washington Heights,Condos-Walkup,-1,-1,0.1457973725
Far Rockaway,Coops-Walkup,-1,-1,0.04825418483
Gramercy,One_Family,-1,-1,0.1412190215
Concord,Three_Family,-1,-1,0.005935200576
Red Hook,Condos-Walkup,-1,-1,0.06704581193
Douglaston,Condos-Elevator,-1,-1,0.0717125809
Gowanus,Coops-Elevator,-1,-1,0.04783232201
Sea Gate,Condos-Walkup,-1,-1,0.1507419133
Stapleton,Coops-Elevator,-1,-1,0.03390611156
Arrochar,Condos-Walkup,-1,-1,0.04332105409
South Ozone Park,Coops-Walkup,-1,-1,0.03875516839
Hollis Hills,Condos-Elevator,-1,-1,0.07057517735
New Dorp,Three_Family,-1,-1,0.06130298677
Westerleigh,Coops-Walkup,-1,-1,0.08093762804
Concord,Coops-Elevator,-1,-1,0.005935200576
Hunts Point,Coops-Elevator,-1,-1,0.1157601219
Oakwood,Coops-Elevator,-1,-1,0.03610093778
Ozone Park,Coops-Walkup,-1,-1,0.08213037005
Bay Terrace,Condos-Elevator,-1,-1,0.08478629686
Long Island City,Coops-Walkup,-1,-1,0.09535370565
St. Albans,Coops-Walkup,-1,-1,0.07117736163
University Heights,Coops-Walkup,-1,-1,0.03987303243
Arden Heights,Coops-Elevator,-1,-1,0.07330609643
East New York,Coops-Walkup,-1,-1,0.09064794018
Belmont,Condos-Walkup,-1,-1,0.1073397735
Bronx Park,Coops-Walkup,-1,-1,-0.006822903568
Port Richmond,Coops-Walkup,-1,-1,0.03945828004
Schuylerville,Condos-Walkup,-1,-1,0.05675984752
Tompkinsville,Coops-Elevator,-1,-1,0.02890285821
Co-op City,Coops-Elevator,-1,-1,0.00878092422
Kingsbridge,Coops-Walkup,-1,-1,0.04442223067
Westerleigh,Condos-Elevator,-1,-1,0.08093762804
Floral Park,Condos-Elevator,-1,-1,0.09703438653
Maspeth,Condos-Elevator,-1,-1,0.07886842381
Richmondtown,Condos-Elevator,-1,-1,0.07067201125
Morris Heights,Coops-Walkup,-1,-1,0.08982592986
Stapleton,Coops-Walkup,-1,-1,0.03390611156
Baychester,Condos-Elevator,-1,-1,0.05226531503
Morris Park,Coops-Walkup,-1,-1,0.03288258501
Bellerose,Condos-Elevator,-1,-1,0.05404957287
Bloomfield,Coops-Walkup,-1,-1,0.01876180418
Carroll Gardens,Coops-Elevator,-1,-1,0.02116074286
Hollis,Condos-Walkup,-1,-1,0.07665756115
Rosedale,Coops-Elevator,-1,-1,0.06168154314
Country Club,Condos-Elevator,-1,-1,0.07375911136
St. George,Condos-Walkup,-1,-1,0.002368398117
Westchester Square,Coops-Elevator,-1,-1,-0.01445056623
Flatiron District,One_Family,-1,-1,0.0209148091
Mariners Harbor,Condos-Walkup,-1,-1,0.02353138353
East Elmhurst,Coops-Walkup,-1,-1,0.06433814016
Hollis,Condos-Elevator,-1,-1,0.07665756115
Cypress Hills,Condos-Elevator,-1,-1,0.08464010174
Eltingville,Coops-Elevator,-1,-1,0.05607952951
Jamaica Hills,Condos-Elevator,-1,-1,0.1659017514
Melrose,Coops-Walkup,-1,-1,0.08039753393
Woodlawn,Condos-Elevator,-1,-1,0.04534464315
Sea Gate,Coops-Elevator,-1,-1,0.1507419133
Laurelton,Coops-Elevator,-1,-1,0.001011853257
Woodlawn,Condos-Walkup,-1,-1,0.04534464315
Pleasant Plains,Three_Family,-1,-1,0.08395230688
Westerleigh,Coops-Elevator,-1,-1,0.08093762804
Bronx Park,Condos-Elevator,-1,-1,-0.006822903568
Port Richmond,Condos-Elevator,-1,-1,0.03945828004
Wakefield,Condos-Walkup,-1,-1,0.04428418483
Co-op City,Coops-Walkup,-1,-1,0.00878092422
Ozone Park,Coops-Elevator,-1,-1,0.08213037005
Pleasant Plains,Condos-Walkup,-1,-1,0.08395230688
Willowbrook,Three_Family,-1,-1,0.1181393343
Emerson Hill,Coops-Walkup,-1,-1,-0.2754485766
Oakwood,Condos-Elevator,-1,-1,0.03610093778
Richmondtown,Condos-Walkup,-1,-1,0.07067201125
Sunset Park,Coops-Elevator,-1,-1,0.05489289824
Red Hook,Condos-Elevator,-1,-1,0.06704581193
Richmondtown,Coops-Walkup,-1,-1,0.07067201125
St. Albans,Condos-Walkup,-1,-1,0.07117736163
University Heights,Condos-Walkup,-1,-1,0.03987303243
Coney Island,Coops-Walkup,-1,-1,0.1354549926
Fordham,Condos-Elevator,-1,-1,0.08988849604
Willowbrook,Condos-Elevator,-1,-1,0.1181393343
Lower East Side,Two_Family,-1,-1,-0.005024329702
Bronx Park,Two_Family,-1,-1,-0.006822903568
Civic Center,Three_Family,-1,-1,0.03584890325
Cypress Hills,Coops-Walkup,-1,-1,0.08464010174
Eltingville,Three_Family,-1,-1,0.05607952951
Little Italy,Two_Family,-1,-1,0.01413905177
Chinatown,Coops-Elevator,-1,-1,0.007349240705
Manhattan Beach,Coops-Walkup,-1,-1,-0.03293262543
Murray Hill,Three_Family,-1,-1,0.1966594819
Springfield Gardens,Condos-Elevator,-1,-1,0.1119563729
Midland Beach,Coops-Elevator,-1,-1,-0.01800069827
New Brighton,Condos-Walkup,-1,-1,0.08225021302
Lower East Side,Three_Family,-1,-1,-0.005024329702
Midwood,Coops-Walkup,-1,-1,0.07061865433
Richmond Hill,Condos-Elevator,-1,-1,0.09671845976
Concord,Condos-Walkup,-1,-1,0.005935200576
Douglaston,Three_Family,-1,-1,0.0717125809
Midland Beach,Coops-Walkup,-1,-1,-0.01800069827
Navy Yard,Coops-Elevator,-1,-1,0.03184170389
St. Albans,Coops-Elevator,-1,-1,0.07117736163
St. George,One_Family,-1,-1,0.002368398117
Belmont,Coops-Elevator,-1,-1,0.1073397735
Bull's Head,Coops-Elevator,-1,-1,0.1247229229
Castleton Corners,Three_Family,-1,-1,0.06693384659
Civic Center,Condos-Walkup,-1,-1,0.03584890325
Concourse,Condos-Walkup,-1,-1,0.06058590183
East Elmhurst,Condos-Elevator,-1,-1,0.06433814016
Ridgewood,Coops-Elevator,-1,-1,0.05929070594
New Dorp,Condos-Walkup,-1,-1,0.06130298677
Dyker Heights,Coops-Elevator,-1,-1,0.04340039578
Hollis Hills,Two_Family,-1,-1,0.07057517735
Manhattan Beach,Condos-Walkup,-1,-1,-0.03293262543
East Flatbush,Condos-Elevator,-1,-1,0.08086061417
Floral Park,Condos-Walkup,-1,-1,0.09703438653
Flushing Meadows Corona Park,Condos-Walkup,-1,-1,0.03309059362
Prospect-Lefferts Gardens,Coops-Walkup,-1,-1,0.03092662163
Bloomfield,Coops-Elevator,-1,-1,0.01876180418
Chinatown,One_Family,-1,-1,0.007349240705
Williamsbridge,Coops-Walkup,-1,-1,0.06592270247
Floral Park,Coops-Elevator,-1,-1,0.09703438653
Bronx Park,Three_Family,-1,-1,-0.006822903568
Pelham Gardens,Coops-Walkup,-1,-1,0.03972015514
Port Richmond,Three_Family,-1,-1,0.03945828004
Van Nest,Condos-Walkup,-1,-1,0.05371591834
Flushing Meadows Corona Park,One_Family,-1,-1,0.03309059362
Hunts Point,Condos-Elevator,-1,-1,0.1157601219
Tottenville,Three_Family,-1,-1,0.1150282563
Arden Heights,Coops-Walkup,-1,-1,0.07330609643
Emerson Hill,Coops-Elevator,-1,-1,-0.2754485766
Laurelton,Condos-Walkup,-1,-1,0.001011853257
Unionport,Coops-Walkup,-1,-1,0.05181197173
Chinatown,Coops-Walkup,-1,-1,0.007349240705
Brownsville,Coops-Elevator,-1,-1,0.1240359632
Chinatown,Condos-Walkup,-1,-1,0.007349240705
Mill Basin,Condos-Elevator,-1,-1,0.03607088247
Rossville,Three_Family,-1,-1,0.1152308095
SoHo,Three_Family,-1,-1,0.2210304856
Arden Heights,Condos-Elevator,-1,-1,0.07330609643
Oakwood,Three_Family,-1,-1,0.03610093778
Wakefield,Coops-Elevator,-1,-1,0.04428418483
Bull's Head,Condos-Walkup,-1,-1,0.1247229229
Kips Bay,One_Family,-1,-1,0.02331512164
Rosebank,Coops-Elevator,-1,-1,0.08650832374
South Slope,Coops-Elevator,-1,-1,-0.08003189426
Canarsie,Coops-Elevator,-1,-1,0.06876688825
Tribeca,Condos-Walkup,-1,-1,0.1791616407
Arrochar,Three_Family,-1,-1,0.04332105409
Baychester,Coops-Walkup,-1,-1,0.05226531503
Bushwick,Coops-Elevator,-1,-1,0.05905951208
Crotona Park,Coops-Walkup,-1,-1,0.1060549469
Gerritsen Beach,Coops-Walkup,-1,-1,-0.01189202102
South Ozone Park,Coops-Elevator,-1,-1,0.03875516839
Little Neck,Condos-Walkup,-1,-1,0.08025970425
Tompkinsville,Condos-Walkup,-1,-1,0.02890285821
Grant City,Three_Family,-1,-1,0.06549179696
Pelham Gardens,Condos-Walkup,-1,-1,0.03972015514
Crotona Park,Condos-Elevator,-1,-1,0.1060549469
Gerritsen Beach,Condos-Elevator,-1,-1,-0.01189202102
Red Hook,Coops-Elevator,-1,-1,0.06704581193
Morris Heights,Condos-Walkup,-1,-1,0.08982592986
Stapleton,Condos-Walkup,-1,-1,0.03390611156
Unionport,Condos-Elevator,-1,-1,0.05181197173
Arrochar,Condos-Elevator,-1,-1,0.04332105409
Jamaica Hills,Coops-Walkup,-1,-1,0.1659017514
Gerritsen Beach,Three_Family,-1,-1,-0.01189202102
Kensington,Condos-Walkup,-1,-1,0.1305317932
Westerleigh,Condos-Walkup,-1,-1,0.08093762804
Mariners Harbor,Coops-Elevator,-1,-1,0.02353138353
New Brighton,Coops-Walkup,-1,-1,0.08225021302
Bronxdale,Condos-Walkup,-1,-1,0.08676031925
Bushwick,Condos-Walkup,-1,-1,0.05905951208
Flushing Meadows Corona Park,Two_Family,-1,-1,0.03309059362
Glen Oaks,Condos-Walkup,-1,-1,-0.05169529547
Throgs Neck,Coops-Walkup,-1,-1,0.03884142895
Rossville,Condos-Walkup,-1,-1,0.1152308095
Midland Beach,Condos-Elevator,-1,-1,-0.01800069827
Brownsville,Condos-Elevator,-1,-1,0.1240359632
Chinatown,Two_Family,-1,-1,0.007349240705
Bedford-Stuyvesant,Coops-Elevator,-1,-1,0.01128642692
Bloomfield,Two_Family,-1,-1,0.01876180418
Concourse,Condos-Elevator,-1,-1,0.06058590183
Huguenot,Three_Family,-1,-1,0.0644487703
Flatiron District,Three_Family,-1,-1,0.0209148091
Fordham,Condos-Walkup,-1,-1,0.08988849604
Grant City,Condos-Walkup,-1,-1,0.06549179696
Country Club,Condos-Walkup,-1,-1,0.07375911136
Glen Oaks,Condos-Elevator,-1,-1,-0.05169529547
Jamaica Hills,Condos-Walkup,-1,-1,0.1659017514
Red Hook,Coops-Walkup,-1,-1,0.06704581193
South Ozone Park,Condos-Elevator,-1,-1,0.03875516839
City Island,Three_Family,-1,-1,-0.002339068209
Soundview,Condos-Elevator,-1,-1,0.06367496958
Cambria Heights,Coops-Walkup,-1,-1,0.09755678143
Great Kills,Coops-Elevator,-1,-1,0.05799917366
Castle Hill,Condos-Walkup,-1,-1,0.08714015774
Flatlands,Condos-Elevator,-1,-1,0.08981905487
Highbridge,Coops-Walkup,-1,-1,0.08337315853
Queens Village,Condos-Walkup,-1,-1,0.06978284452
Parkchester,Condos-Walkup,-1,-1,0.07893375195
Rosedale,Condos-Elevator,-1,-1,0.06168154314
Rossville,Coops-Elevator,-1,-1,0.1152308095
Van Nest,Coops-Walkup,-1,-1,0.05371591834
Co-op City,Condos-Elevator,-1,-1,0.00878092422
Cypress Hills,Condos-Walkup,-1,-1,0.08464010174
New Springville,Coops-Walkup,-1,-1,0.1001215724
Schuylerville,Coops-Walkup,-1,-1,0.05675984752
Coney Island,Condos-Walkup,-1,-1,0.1354549926
Dyker Heights,Coops-Walkup,-1,-1,0.04340039578
New Springville,Coops-Elevator,-1,-1,0.1001215724
Richmond Hill,Condos-Walkup,-1,-1,0.09671845976
City Island,Coops-Elevator,-1,-1,-0.002339068209
Navy Yard,Coops-Walkup,-1,-1,0.03184170389
Sunnyside,Condos-Walkup,-1,-1,0.03431971816
Sunnyside,Condos-Walkup,-1,-1,0.08210255514
Tottenville,Condos-Walkup,-1,-1,0.1150282563
Bull's Head,Coops-Walkup,-1,-1,0.1247229229
Cambria Heights,Condos-Walkup,-1,-1,0.09755678143
College Point,Coops-Elevator,-1,-1,0.05266230937
Flatiron District,Two_Family,-1,-1,0.0209148091
Bloomfield,One_Family,-1,-1,0.01876180418
Huguenot,Coops-Walkup,-1,-1,0.0644487703
Middle Village,Coops-Walkup,-1,-1,0.08138945515
New Brighton,Condos-Elevator,-1,-1,0.08225021302