Violation Offenses,,,,,,,,,,,,,,,,,,,
,,,,,,,,,,,,,,,,,,,
PCT,CRIME,2000,2001,2002,2003,2004,2005,2006,2007,2008,2009,2010,2011,2012,2013,2014,2015,2016,2017
1,HARASSMENT 2                          ,971,859,806,760,705,597,564,601,507,404,405,398,451,451,474,537,682,712
,OTHER VIOLATIONS (1),91,49,59,59,81,17,28,91,62,43,33,249,298,47,134,58,42,122
,TOTAL VIOLATION OFFENSES,1062,908,865,819,786,614,592,692,569,447,438,647,749,498,608,595,724,834
5,HARASSMENT 2                          ,524,533,506,481,383,456,377,407,366,398,399,368,430,343,376,399,446,445
,OTHER VIOLATIONS (1),47,30,92,26,13,12,17,20,108,57,32,58,38,19,51,22,49,28
,TOTAL VIOLATION OFFENSES,571,563,598,507,396,468,394,427,474,455,431,426,468,362,427,421,495,473
6,HARASSMENT 2                          ,776,752,663,527,485,433,420,408,400,393,473,412,376,364,391,386,447,387
,OTHER VIOLATIONS (1),70,62,49,69,26,113,116,47,43,42,29,138,98,69,67,43,11,30
,TOTAL VIOLATION OFFENSES,846,814,712,596,511,546,536,455,443,435,502,550,474,433,458,429,458,417
7,HARASSMENT 2                          ,585,534,513,480,427,499,475,453,536,427,419,374,441,419,491,570,604,481
,OTHER VIOLATIONS (1),9,13,21,20,13,18,15,27,35,38,35,42,46,19,15,16,10,16
,TOTAL VIOLATION OFFENSES,594,547,534,500,440,517,490,480,571,465,454,416,487,438,506,586,614,497
9,HARASSMENT 2                          ,948,938,892,820,761,794,689,594,649,639,612,618,608,574,565,538,560,529
,OTHER VIOLATIONS (1),84,59,79,44,48,32,71,46,58,56,39,44,70,31,19,25,24,11
,TOTAL VIOLATION OFFENSES,1032,997,971,864,809,826,760,640,707,695,651,662,678,605,584,563,584,540
10,HARASSMENT 2                          ,598,560,586,561,650,551,493,457,455,437,396,366,367,390,388,374,431,454
,OTHER VIOLATIONS (1),21,24,17,33,54,35,31,20,27,29,25,29,37,47,32,16,9,6
,TOTAL VIOLATION OFFENSES,619,584,603,594,704,586,524,477,482,466,421,395,404,437,420,390,440,460
13,HARASSMENT 2                          ,1139,1013,1043,848,916,940,792,837,825,643,580,576,654,674,636,681,621,650
,OTHER VIOLATIONS (1),41,23,49,28,147,42,90,74,50,74,86,107,68,58,56,84,36,42
,TOTAL VIOLATION OFFENSES,1180,1036,1092,876,1063,982,882,911,875,717,666,683,722,732,692,765,657,692
14,HARASSMENT 2                          ,1262,1204,972,773,757,789,765,691,650,553,531,526,584,514,606,596,636,681
,OTHER VIOLATIONS (1),440,356,546,524,630,257,349,402,478,568,354,229,234,181,249,145,93,83
,TOTAL VIOLATION OFFENSES,1702,1560,1518,1297,1387,1046,1114,1093,1128,1121,885,755,818,695,855,741,729,764
17,HARASSMENT 2                          ,747,681,637,508,470,385,374,348,323,265,298,240,259,239,303,366,387,500
,OTHER VIOLATIONS (1),40,157,58,142,92,110,163,153,173,148,95,64,63,81,57,64,52,52
,TOTAL VIOLATION OFFENSES,787,838,695,650,562,495,537,501,496,413,393,304,322,320,360,430,439,552
18,HARASSMENT 2                          ,1481,1320,1111,960,900,762,735,809,788,692,727,637,751,875,935,970,999,947
,OTHER VIOLATIONS (1),137,46,54,321,94,90,102,101,129,190,171,208,149,129,169,89,64,107
,TOTAL VIOLATION OFFENSES,1618,1366,1165,1281,994,852,837,910,917,882,898,845,900,1004,1104,1059,1063,1054
19,HARASSMENT 2                          ,1294,1321,1039,1052,1035,920,789,626,472,494,534,508,501,505,467,531,673,670
,OTHER VIOLATIONS (1),26,34,49,29,24,53,56,54,53,24,54,36,43,26,21,10,9,10
,TOTAL VIOLATION OFFENSES,1320,1355,1088,1081,1059,973,845,680,525,518,588,544,544,531,488,541,682,680
20,HARASSMENT 2                          ,817,932,651,544,471,540,491,486,483,459,503,475,486,499,530,499,464,537
,OTHER VIOLATIONS (1),22,33,24,8,24,43,31,21,24,27,38,39,38,18,31,6,56,42
,TOTAL VIOLATION OFFENSES,839,965,675,552,495,583,522,507,507,486,541,514,524,517,561,505,520,579
22,HARASSMENT 2                          ,47,29,37,26,21,26,27,29,35,24,24,36,46,42,46,37,47,41
,OTHER VIOLATIONS (1),2,1,2,2,3,4,5,23,9,6,10,11,8,4,3,2,3,1
,TOTAL VIOLATION OFFENSES,49,30,39,28,24,30,32,52,44,30,34,47,54,46,49,39,50,42
23,HARASSMENT 2                          ,1169,1253,1119,932,881,1037,924,920,929,978,764,771,743,790,816,824,858,883
,OTHER VIOLATIONS (1),64,48,54,54,64,86,120,72,72,124,115,108,98,65,42,27,24,15
,TOTAL VIOLATION OFFENSES,1233,1301,1173,986,945,1123,1044,992,1001,1102,879,879,841,855,858,851,882,898
24,HARASSMENT 2                          ,882,989,872,812,789,810,898,789,767,738,714,620,689,604,663,670,698,713
,OTHER VIOLATIONS (1),17,28,25,18,21,31,30,39,43,55,51,42,47,18,56,9,3,5
,TOTAL VIOLATION OFFENSES,899,1017,897,830,810,841,928,828,810,793,765,662,736,622,719,679,701,718
25,HARASSMENT 2                          ,1033,1123,1088,981,894,943,859,870,777,787,694,607,653,664,625,732,695,706
,OTHER VIOLATIONS (1),33,87,76,46,52,63,49,67,121,127,165,101,82,85,61,43,25,22
,TOTAL VIOLATION OFFENSES,1066,1210,1164,1027,946,1006,908,937,898,914,859,708,735,749,686,775,720,728
26,HARASSMENT 2                          ,574,588,524,445,409,434,472,460,361,401,373,336,350,329,381,349,386,375
,OTHER VIOLATIONS (1),37,34,44,29,45,35,27,41,36,56,33,56,56,42,33,14,3,9
,TOTAL VIOLATION OFFENSES,611,622,568,474,454,469,499,501,397,457,406,392,406,371,414,363,389,384
28,HARASSMENT 2                          ,1056,1209,1043,906,836,837,761,760,678,658,628,475,563,534,626,606,757,708
,OTHER VIOLATIONS (1),28,27,48,27,40,41,90,59,58,101,71,96,73,35,31,19,14,5
,TOTAL VIOLATION OFFENSES,1084,1236,1091,933,876,878,851,819,736,759,699,571,636,569,657,625,771,713
30,HARASSMENT 2                          ,993,1028,891,858,795,778,654,573,571,549,526,536,653,570,615,582,594,579
,OTHER VIOLATIONS (1),63,73,56,33,28,57,41,59,34,80,71,57,31,47,32,27,9,6
,TOTAL VIOLATION OFFENSES,1056,1101,947,891,823,835,695,632,605,629,597,593,684,617,647,609,603,585
32,HARASSMENT 2                          ,1299,1447,1117,1066,1122,1067,856,1011,941,1033,1018,952,925,898,923,1001,1001,904
,OTHER VIOLATIONS (1),56,37,35,37,50,70,81,113,191,313,176,232,104,62,48,35,13,9
,TOTAL VIOLATION OFFENSES,1355,1484,1152,1103,1172,1137,937,1124,1132,1346,1194,1184,1029,960,971,1036,1014,913
33,HARASSMENT 2                          ,860,878,786,744,650,687,634,582,484,474,494,497,473,470,445,520,570,498
,OTHER VIOLATIONS (1),31,41,41,54,55,35,57,81,63,90,105,95,60,60,26,21,12,7
,TOTAL VIOLATION OFFENSES,891,919,827,798,705,722,691,663,547,564,599,592,533,530,471,541,582,505
34,HARASSMENT 2                          ,1171,1262,1030,727,847,659,587,568,481,452,510,568,528,485,690,716,690,650
,OTHER VIOLATIONS (1),27,37,33,32,25,34,43,42,44,39,36,44,65,37,58,35,18,7
,TOTAL VIOLATION OFFENSES,1198,1299,1063,759,872,693,630,610,525,491,546,612,593,522,748,751,708,657
40,HARASSMENT 2                          ,2210,2393,2060,1884,1848,1802,1540,1659,1558,1561,1488,1342,1364,1282,1356,1357,1587,1702
,OTHER VIOLATIONS (1),119,75,81,96,63,91,60,50,49,50,62,46,48,35,36,24,19,25
,TOTAL VIOLATION OFFENSES,2329,2468,2141,1980,1911,1893,1600,1709,1607,1611,1550,1388,1412,1317,1392,1381,1606,1727
41,HARASSMENT 2                          ,1101,1276,1186,1107,1028,1011,913,927,874,810,741,715,808,909,922,801,779,833
,OTHER VIOLATIONS (1),28,26,13,21,35,29,34,45,40,30,20,31,14,20,19,15,13,14
,TOTAL VIOLATION OFFENSES,1129,1302,1199,1128,1063,1040,947,972,914,840,761,746,822,929,941,816,792,847
42,HARASSMENT 2                          ,2026,1741,1566,1557,1471,1376,1260,1215,922,865,812,810,906,912,1086,1005,1094,1160
,OTHER VIOLATIONS (1),43,45,30,37,32,30,26,22,7,20,18,15,21,11,17,7,8,5
,TOTAL VIOLATION OFFENSES,2069,1786,1596,1594,1503,1406,1286,1237,929,885,830,825,927,923,1103,1012,1102,1165
43,HARASSMENT 2                          ,2877,2932,2656,2394,2238,2164,1873,1659,1603,1543,1530,1561,1549,1575,1564,1630,1757,1688
,OTHER VIOLATIONS (1),66,32,23,39,54,55,55,49,42,46,38,69,51,52,48,17,13,18
,TOTAL VIOLATION OFFENSES,2943,2964,2679,2433,2292,2219,1928,1708,1645,1589,1568,1630,1600,1627,1612,1647,1770,1706
44,HARASSMENT 2                          ,3194,3156,2349,2295,1937,1587,1557,1141,1055,1149,1108,1072,1213,1318,1250,1346,1596,1760
,OTHER VIOLATIONS (1),92,55,72,72,36,53,62,49,33,56,81,51,35,32,28,28,16,19
,TOTAL VIOLATION OFFENSES,3286,3211,2421,2367,1973,1640,1619,1190,1088,1205,1189,1123,1248,1350,1278,1374,1612,1779
45,HARASSMENT 2                          ,1642,1588,1398,1351,1321,1153,1084,1033,886,926,966,857,806,845,1004,1000,1104,1213
,OTHER VIOLATIONS (1),43,21,16,13,18,30,37,16,27,31,19,8,11,10,12,16,7,12
,TOTAL VIOLATION OFFENSES,1685,1609,1414,1364,1339,1183,1121,1049,913,957,985,865,817,855,1016,1016,1111,1225
46,HARASSMENT 2                          ,2418,2335,1817,2029,1918,1592,1601,1525,1274,1305,1385,1177,1239,1262,1215,1419,1598,1446
,OTHER VIOLATIONS (1),60,63,39,42,52,53,39,26,14,32,23,48,54,21,12,12,7,11
,TOTAL VIOLATION OFFENSES,2478,2398,1856,2071,1970,1645,1640,1551,1288,1337,1408,1225,1293,1283,1227,1431,1605,1457
47,HARASSMENT 2                          ,2496,2348,2245,1789,1854,1665,1289,1234,1094,1014,936,872,1084,1044,1135,1246,1709,1508
,OTHER VIOLATIONS (1),74,63,45,50,46,43,33,24,36,44,29,20,22,21,24,14,11,11
,TOTAL VIOLATION OFFENSES,2570,2411,2290,1839,1900,1708,1322,1258,1130,1058,965,892,1106,1065,1159,1260,1720,1519
48,HARASSMENT 2                          ,1785,1731,1432,1215,1055,1010,971,922,660,689,738,670,816,840,909,1005,1049,1199
,OTHER VIOLATIONS (1),21,24,68,86,160,26,29,48,35,67,31,21,17,13,10,9,10,6
,TOTAL VIOLATION OFFENSES,1806,1755,1500,1301,1215,1036,1000,970,695,756,769,691,833,853,919,1014,1059,1205
49,HARASSMENT 2                          ,1550,1722,1717,1482,1293,1066,1196,1248,1044,924,947,929,752,797,769,794,875,963
,OTHER VIOLATIONS (1),28,78,56,31,34,31,42,24,31,14,24,7,13,17,17,7,6,3
,TOTAL VIOLATION OFFENSES,1578,1800,1773,1513,1327,1097,1238,1272,1075,938,971,936,765,814,786,801,881,966
50,HARASSMENT 2                          ,1100,1022,930,732,728,856,699,736,771,642,633,505,471,530,516,569,580,617
,OTHER VIOLATIONS (1),21,17,20,20,12,4,12,7,10,7,8,15,11,4,9,5,8,2
,TOTAL VIOLATION OFFENSES,1121,1039,950,752,740,860,711,743,781,649,641,520,482,534,525,574,588,619
52,HARASSMENT 2                          ,2126,2297,2202,1979,1776,1662,1436,1282,1143,1000,938,1052,1029,1004,1141,1047,1051,1158
,OTHER VIOLATIONS (1),120,56,80,64,81,43,42,38,21,36,20,42,12,20,23,18,9,10
,TOTAL VIOLATION OFFENSES,2246,2353,2282,2043,1857,1705,1478,1320,1164,1036,958,1094,1041,1024,1164,1065,1060,1168
60,HARASSMENT 2                          ,1142,1098,961,988,943,878,1020,824,789,746,676,709,645,667,835,897,864,772
,OTHER VIOLATIONS (1),29,32,16,27,18,30,42,32,35,62,54,42,33,27,24,24,36,28
,TOTAL VIOLATION OFFENSES,1171,1130,977,1015,961,908,1062,856,824,808,730,751,678,694,859,921,900,800
61,HARASSMENT 2                          ,1417,1530,1247,1241,1234,1220,1127,1008,882,851,769,610,697,632,654,632,629,630
,OTHER VIOLATIONS (1),20,31,17,21,25,20,22,31,19,31,18,23,20,12,21,14,16,10
,TOTAL VIOLATION OFFENSES,1437,1561,1264,1262,1259,1240,1149,1039,901,882,787,633,717,644,675,646,645,640
62,HARASSMENT 2                          ,1453,1340,1024,952,859,1067,1090,977,855,776,797,767,819,818,925,830,717,725
,OTHER VIOLATIONS (1),20,12,44,26,11,15,25,16,17,21,14,14,10,22,21,10,13,12
,TOTAL VIOLATION OFFENSES,1473,1352,1068,978,870,1082,1115,993,872,797,811,781,829,840,946,840,730,737
63,HARASSMENT 2                          ,1214,1317,1074,1091,1098,1070,968,848,767,739,696,534,506,515,582,706,734,695
,OTHER VIOLATIONS (1),9,14,5,9,10,15,27,35,8,7,15,58,16,20,12,16,22,14
,TOTAL VIOLATION OFFENSES,1223,1331,1079,1100,1108,1085,995,883,775,746,711,592,522,535,594,722,756,709
66,HARASSMENT 2                          ,1110,1065,755,760,654,755,730,685,622,633,593,640,651,574,524,592,552,574
,OTHER VIOLATIONS (1),5,10,11,9,15,27,21,34,17,18,11,15,8,13,9,6,3,6
,TOTAL VIOLATION OFFENSES,1115,1075,766,769,669,782,751,719,639,651,604,655,659,587,533,598,555,580
67,HARASSMENT 2                          ,2300,2429,1945,1805,1575,1312,1182,926,969,964,1076,1032,1084,1233,1638,1612,1856,1636
,OTHER VIOLATIONS (1),47,84,54,40,52,41,83,60,50,61,57,60,50,61,35,41,20,22
,TOTAL VIOLATION OFFENSES,2347,2513,1999,1845,1627,1353,1265,986,1019,1025,1133,1092,1134,1294,1673,1653,1876,1658
68,HARASSMENT 2                          ,1101,1237,916,971,870,883,815,764,823,733,681,708,720,748,616,772,730,634
,OTHER VIOLATIONS (1),18,18,14,7,11,13,23,18,26,17,13,12,10,20,15,21,22,15
,TOTAL VIOLATION OFFENSES,1119,1255,930,978,881,896,838,782,849,750,694,720,730,768,631,793,752,649
69,HARASSMENT 2                          ,1317,1383,1101,1058,1049,974,897,799,741,695,726,757,833,782,856,770,846,730
,OTHER VIOLATIONS (1),21,18,8,8,11,16,23,19,16,19,24,18,21,14,22,14,18,12
,TOTAL VIOLATION OFFENSES,1338,1401,1109,1066,1060,990,920,818,757,714,750,775,854,796,878,784,864,742
70,HARASSMENT 2                          ,1595,1714,1379,1470,1379,1252,1120,894,780,694,665,596,875,854,934,1045,1038,940
,OTHER VIOLATIONS (1),46,28,35,28,47,51,55,42,32,61,72,41,31,30,30,25,26,25
,TOTAL VIOLATION OFFENSES,1641,1742,1414,1498,1426,1303,1175,936,812,755,737,637,906,884,964,1070,1064,965
71,HARASSMENT 2                          ,2004,1914,1460,1486,1162,954,795,883,974,942,920,884,977,992,972,1061,1015,954
,OTHER VIOLATIONS (1),23,21,20,29,25,53,58,75,54,65,69,67,72,40,41,54,54,35
,TOTAL VIOLATION OFFENSES,2027,1935,1480,1515,1187,1007,853,958,1028,1007,989,951,1049,1032,1013,1115,1069,989
72,HARASSMENT 2                          ,1512,1379,1174,1013,985,823,732,583,595,606,532,583,612,604,601,693,664,634
,OTHER VIOLATIONS (1),37,34,14,14,22,36,28,30,25,23,31,21,17,15,15,13,13,5
,TOTAL VIOLATION OFFENSES,1549,1413,1188,1027,1007,859,760,613,620,629,563,604,629,619,616,706,677,639
73,HARASSMENT 2                          ,1444,1561,1513,1418,1454,1392,1210,1104,1148,1320,1221,1210,1350,1358,1381,1406,1309,1358
,OTHER VIOLATIONS (1),46,29,36,91,84,106,123,119,107,144,95,138,122,148,106,69,39,32
,TOTAL VIOLATION OFFENSES,1490,1590,1549,1509,1538,1498,1333,1223,1255,1464,1316,1348,1472,1506,1487,1475,1348,1390
75,HARASSMENT 2                          ,2644,2652,2102,2200,2203,1973,1650,1506,1468,1632,1527,1527,1605,1763,2106,1991,2048,2149
,OTHER VIOLATIONS (1),113,74,53,81,112,131,105,111,74,64,80,130,106,127,101,103,72,36
,TOTAL VIOLATION OFFENSES,2757,2726,2155,2281,2315,2104,1755,1617,1542,1696,1607,1657,1711,1890,2207,2094,2120,2185
76,HARASSMENT 2                          ,685,747,658,603,629,524,434,412,379,339,430,323,311,285,357,298,267,234
,OTHER VIOLATIONS (1),9,20,5,4,10,9,14,12,10,21,21,23,14,15,7,14,20,10
,TOTAL VIOLATION OFFENSES,694,767,663,607,639,533,448,424,389,360,451,346,325,300,364,312,287,244
77,HARASSMENT 2                          ,1417,1522,1221,1245,1009,827,774,854,837,803,860,853,940,822,1032,1011,987,846
,OTHER VIOLATIONS (1),38,24,41,46,42,64,63,72,46,54,75,80,84,86,72,30,19,31
,TOTAL VIOLATION OFFENSES,1455,1546,1262,1291,1051,891,837,926,883,857,935,933,1024,908,1104,1041,1006,877
78,HARASSMENT 2                          ,815,732,518,483,497,403,371,375,345,298,316,297,365,359,436,471,516,533
,OTHER VIOLATIONS (1),12,9,15,12,12,17,14,21,20,19,13,14,29,25,6,16,11,20
,TOTAL VIOLATION OFFENSES,827,741,533,495,509,420,385,396,365,317,329,311,394,384,442,487,527,553
79,HARASSMENT 2                          ,1500,1685,1254,1292,1305,1277,1257,1083,1183,966,993,865,1014,988,1012,881,968,1001
,OTHER VIOLATIONS (1),57,49,36,39,45,67,78,97,62,63,42,82,134,123,63,49,43,31
,TOTAL VIOLATION OFFENSES,1557,1734,1290,1331,1350,1344,1335,1180,1245,1029,1035,947,1148,1111,1075,930,1011,1032
81,HARASSMENT 2                          ,1138,1289,980,1055,990,815,899,984,884,835,835,720,881,918,906,896,774,792
,OTHER VIOLATIONS (1),40,21,19,18,55,25,55,45,41,88,57,62,55,45,33,37,39,35
,TOTAL VIOLATION OFFENSES,1178,1310,999,1073,1045,840,954,1029,925,923,892,782,936,963,939,933,813,827
83,HARASSMENT 2                          ,1762,2083,1635,1518,1209,1085,1023,901,833,686,727,718,730,791,802,689,947,938
,OTHER VIOLATIONS (1),37,39,18,30,53,63,71,59,46,35,43,34,43,36,22,19,18,9
,TOTAL VIOLATION OFFENSES,1799,2122,1653,1548,1262,1148,1094,960,879,721,770,752,773,827,824,708,965,947
84,HARASSMENT 2                          ,1014,1019,878,774,729,691,667,607,589,571,651,621,653,568,641,652,701,733
,OTHER VIOLATIONS (1),44,33,20,41,14,39,41,38,60,56,61,44,33,35,34,24,35,25
,TOTAL VIOLATION OFFENSES,1058,1052,898,815,743,730,708,645,649,627,712,665,686,603,675,676,736,758
88,HARASSMENT 2                          ,991,1084,970,877,792,657,633,633,596,466,548,509,567,526,559,516,466,514
,OTHER VIOLATIONS (1),24,20,24,34,36,26,23,37,22,22,36,17,42,35,27,25,35,14
,TOTAL VIOLATION OFFENSES,1015,1104,994,911,828,683,656,670,618,488,584,526,609,561,586,541,501,528
90,HARASSMENT 2                          ,919,1003,877,675,815,761,745,670,550,580,569,560,645,648,718,762,911,1007
,OTHER VIOLATIONS (1),25,21,20,33,18,32,56,45,41,29,21,26,35,33,20,35,14,15
,TOTAL VIOLATION OFFENSES,944,1024,897,708,833,793,801,715,591,609,590,586,680,681,738,797,925,1022
94,HARASSMENT 2                          ,691,704,601,619,558,463,389,371,317,277,295,284,285,233,363,425,467,458
,OTHER VIOLATIONS (1),18,18,15,15,21,12,17,14,8,20,16,11,13,24,11,9,7,16
,TOTAL VIOLATION OFFENSES,709,722,616,634,579,475,406,385,325,297,311,295,298,257,374,434,474,474
100,HARASSMENT 2                          ,571,590,591,574,579,549,508,460,469,502,400,366,354,317,459,446,531,381
,OTHER VIOLATIONS (1),25,29,55,51,42,50,48,73,61,56,61,58,29,37,28,20,20,9
,TOTAL VIOLATION OFFENSES,596,619,646,625,621,599,556,533,530,558,461,424,383,354,487,466,551,390
101,HARASSMENT 2                          ,1429,1454,1271,940,997,1060,859,833,831,601,566,519,559,575,735,711,814,733
,OTHER VIOLATIONS (1),35,74,55,124,112,128,218,140,112,96,71,87,105,80,76,38,13,14
,TOTAL VIOLATION OFFENSES,1464,1528,1326,1064,1109,1188,1077,973,943,697,637,606,664,655,811,749,827,747
102,HARASSMENT 2                          ,1726,1827,1628,1276,997,1035,818,935,1022,977,855,855,796,870,911,879,902,880
,OTHER VIOLATIONS (1),20,56,58,55,30,35,50,47,36,36,37,33,40,59,75,52,23,26
,TOTAL VIOLATION OFFENSES,1746,1883,1686,1331,1027,1070,868,982,1058,1013,892,888,836,929,986,931,925,906
103,HARASSMENT 2                          ,1882,1904,1848,1488,1328,1174,1135,962,1112,1049,994,959,953,1102,1235,1156,1048,1020
,OTHER VIOLATIONS (1),72,91,65,113,129,90,165,104,91,91,117,134,123,103,120,87,22,14
,TOTAL VIOLATION OFFENSES,1954,1995,1913,1601,1457,1264,1300,1066,1203,1140,1111,1093,1076,1205,1355,1243,1070,1034
104,HARASSMENT 2                          ,2385,2320,2051,1624,1397,1305,1139,937,991,986,962,903,916,915,1061,845,991,1002
,OTHER VIOLATIONS (1),41,60,40,48,69,42,47,43,48,48,30,25,30,34,19,10,8,11
,TOTAL VIOLATION OFFENSES,2426,2380,2091,1672,1466,1347,1186,980,1039,1034,992,928,946,949,1080,855,999,1013
105,HARASSMENT 2                          ,1943,1886,2038,1541,1404,1207,977,962,979,956,890,903,1024,1035,1043,1209,1105,1227
,OTHER VIOLATIONS (1),30,20,24,37,17,52,35,35,31,49,40,53,51,31,27,13,23,14
,TOTAL VIOLATION OFFENSES,1973,1906,2062,1578,1421,1259,1012,997,1010,1005,930,956,1075,1066,1070,1222,1128,1241
106,HARASSMENT 2                          ,1953,1912,1807,1379,1108,1024,1134,1106,936,951,822,706,795,785,920,795,847,922
,OTHER VIOLATIONS (1),31,41,41,68,60,149,144,178,97,124,94,93,83,100,50,23,19,13
,TOTAL VIOLATION OFFENSES,1984,1953,1848,1447,1168,1173,1278,1284,1033,1075,916,799,878,885,970,818,866,935
107,HARASSMENT 2                          ,1347,1474,1470,1214,1108,883,815,878,803,823,756,714,619,705,616,657,617,694
,OTHER VIOLATIONS (1),25,38,15,27,40,44,42,28,30,25,36,29,18,17,10,17,10,8
,TOTAL VIOLATION OFFENSES,1372,1512,1485,1241,1148,927,857,906,833,848,792,743,637,722,626,674,627,702
108,HARASSMENT 2                          ,1100,1000,1007,794,871,721,742,704,653,679,695,646,661,770,799,720,667,847
,OTHER VIOLATIONS (1),103,197,73,125,94,60,61,57,45,49,35,26,23,46,48,14,18,10
,TOTAL VIOLATION OFFENSES,1203,1197,1080,919,965,781,803,761,698,728,730,672,684,816,847,734,685,857
109,HARASSMENT 2                          ,1738,1878,1794,1612,1300,1142,1004,1041,1062,1037,988,924,890,888,1134,1025,1430,1399
,OTHER VIOLATIONS (1),26,25,41,88,69,54,60,32,48,33,17,28,34,19,27,20,25,31
,TOTAL VIOLATION OFFENSES,1764,1903,1835,1700,1369,1196,1064,1073,1110,1070,1005,952,924,907,1161,1045,1455,1430
110,HARASSMENT 2                          ,1162,1231,1270,1022,950,831,817,830,724,653,578,541,562,603,626,622,661,711
,OTHER VIOLATIONS (1),96,87,93,115,114,142,168,146,176,202,166,130,107,110,97,48,28,23
,TOTAL VIOLATION OFFENSES,1258,1318,1363,1137,1064,973,985,976,900,855,744,671,669,713,723,670,689,734
111,HARASSMENT 2                          ,769,740,651,551,488,478,416,462,452,432,388,381,358,386,363,339,440,417
,OTHER VIOLATIONS (1),6,10,16,14,20,15,18,18,18,16,13,12,6,13,5,4,7,6
,TOTAL VIOLATION OFFENSES,775,750,667,565,508,493,434,480,470,448,401,393,364,399,368,343,447,423
112,HARASSMENT 2                          ,918,924,912,631,679,514,459,461,352,390,348,332,365,354,359,297,430,393
,OTHER VIOLATIONS (1),20,25,37,52,31,27,12,9,14,5,13,11,20,17,13,12,6,4
,TOTAL VIOLATION OFFENSES,938,949,949,683,710,541,471,470,366,395,361,343,385,371,372,309,436,397
113,HARASSMENT 2                          ,1187,1353,1259,947,940,872,1035,1040,976,838,788,748,724,837,771,750,801,909
,OTHER VIOLATIONS (1),49,53,49,76,92,117,74,57,51,121,95,76,69,53,43,21,26,13
,TOTAL VIOLATION OFFENSES,1236,1406,1308,1023,1032,989,1109,1097,1027,959,883,824,793,890,814,771,827,922
114,HARASSMENT 2                          ,2558,2559,2232,1546,1542,1537,1291,1144,1059,1075,1054,1060,1271,1294,1431,1273,1322,1398
,OTHER VIOLATIONS (1),47,108,125,155,170,141,90,107,80,137,98,92,85,69,62,72,38,46
,TOTAL VIOLATION OFFENSES,2605,2667,2357,1701,1712,1678,1381,1251,1139,1212,1152,1152,1356,1363,1493,1345,1360,1444
115,HARASSMENT 2                          ,1336,1401,1196,903,847,826,895,887,780,762,895,856,782,874,809,733,973,1208
,OTHER VIOLATIONS (1),66,56,51,109,119,220,244,229,269,213,139,152,114,122,109,87,29,28
,TOTAL VIOLATION OFFENSES,1402,1457,1247,1012,966,1046,1139,1116,1049,975,1034,1008,896,996,918,820,1002,1236
120,HARASSMENT 2                          ,2353,2288,1999,1752,1996,2083,2211,2162,1901,1960,2067,1840,1898,1780,1634,1651,1522,1641
,OTHER VIOLATIONS (1),51,68,56,36,41,54,53,43,33,45,56,32,23,12,8,9,9,12
,TOTAL VIOLATION OFFENSES,2404,2356,2055,1788,2037,2137,2264,2205,1934,2005,2123,1872,1921,1792,1642,1660,1531,1653
121,HARASSMENT 2                          ,,,,,,,,,,,,,,601,1138,1111,1181,1226
,OTHER VIOLATIONS (1),,,,,,,,,,,,,,7,6,7,14,11
,TOTAL VIOLATION OFFENSES,,,,,,,,,,,,,,608,1144,1118,1195,1237
122,HARASSMENT 2                          ,2460,2261,2185,1979,2243,1949,2208,2179,2042,1764,1749,1583,1590,1240,1077,1026,1074,1288
,OTHER VIOLATIONS (1),26,27,15,21,43,24,49,36,23,19,22,12,7,7,7,5,9,5
,TOTAL VIOLATION OFFENSES,2486,2288,2200,2000,2286,1973,2257,2215,2065,1783,1771,1595,1597,1247,1084,1031,1083,1293
123,HARASSMENT 2                          ,781,925,813,813,828,783,816,782,727,687,634,615,595,494,531,559,546,435
,OTHER VIOLATIONS (1),6,15,7,5,6,8,13,7,16,9,16,9,6,5,2,3,13,4
,TOTAL VIOLATION OFFENSES,787,940,820,818,834,791,829,789,743,696,650,624,601,499,533,562,559,439
DOC,HARASSMENT 2                          ,,,,,,,,,,,,,,,11,6,5,7
,OTHER VIOLATIONS (1),,,,,,,,,,,,,,,0,1,0,1
,TOTAL VIOLATION OFFENSES,,,,,,,,,,,,,,,11,7,5,8
,,,,,,,,,,,,,,,,,,,
,,,,,,,,,,,,,,,,,,,
,,,,,,,,,,,,,,,,,,,
,,,,,,,,,,,,,,,,,,,
CRIME CATEGORY NOTES,,,,,,,,,,,,,,,,,,,
"(1). Contains primarily Disorderly Conduct, Marijuana Possession and Trespass",,,,,,,,,,,,,,,,,,,
,,,,,,,,,,,,,,,,,,,
STATISTICAL NOTES,,,,,,,,,,,,,,,,,,,
1. 2000-2005 Data Source-Historical Comfinal data including Complaint Follow-Up data.  Compiled from aggregated monthly tapes 2000 thru 2005.,,,,,,,,,,,,,,,,,,,
2. 2006-2016 Data Source-CDW Omniform System and S-DD5 System (Complaint Follow-Up) data by record create date.  ,,,,,,,,,,,,,,,,,,,
3. 2000-2009 data as of 12/8/2010.  2010 data as of 1/18/2011.  2011 data as of 1/18/2012.  2012 data as of 4/1/2013.  2013 data as of 1/17/2014.  2014 data as of 1/16/2015. 2015 data as of 1/18/2016. 2016 data as of 1/16/2017. 2017 data as of 1/17/2018.,,,,,,,,,,,,,,,,,,,
,,,,,,,,,,,,,,,,,,,
"4. On Sept. 28, 2012, there was a re-alignment of the boundaries of the 077, 078, and 088 precincts.  Therefore statistics for the 077, 078, and 088 precincts following 2011 are not comparable to earlier years.",,,,,,,,,,,,,,,,,,,
,,,,,,,,,,,,,,,,,,,
5. The 121 pct was created on 7-1-2013 from parts of the 120 and 122 precinct.  Therefore statistics for 120 and 122 precincts following 2012 are not comparable to earlier years.,,,,,,,,,,,,,,,,,,,
"6. As of 1-1-2014 complaints occurring within the jurisdiction of the Department of Correction have been disaggregated from the precinct crime totals and are denoted in ""Pct"" column as ""DOC"".",,,,,,,,,,,,,,,,,,,
